42570,001f6d1023d8d521f113817d245e8395
42570,0060d6c7e027c7e1b205574d0988bd3a
42570,0073df5a02c537b574c2b194883faa8c
42570,00d2911180940c4f8a4385959473bcaa
42570,00e2990c8b48ae19244d9b2f228bc15c
42570,00ffb1f6eadb59f833e75663727aa2ef
42570,013044169f72157d68e431b6717f540c
42570,01565b064b8ac8efe2f461f73bd0b850
42570,0175ab2cffdeaeb6fdfedaa4ed71acd5
42570,019b78073c3c0d295a089adcb1ed9c74
42570,01a50d080584b21f0b6657127d1b866c
42570,01b668862b6677158b93abd0911ca67a
42570,0213ada34ffb5664fe9beba0690e67fc
42570,02410ed45e06212065df026123f19d35
42570,02c2dce0e14bb2a93751d9485f1c9857
42570,02ddc5eb629a9042d222565ab2dc5069
42570,02dfa5abe43bc772eafa972cba4950a7
42570,031735b4483597cadb499a07d28a6faf
42570,031772208239557839762cddc088154a
42570,03891526791d9644e0da26d8e173bb05
42570,03bb0de5f156614037af08dc4d673821
42570,0420c620c0804322c508da3a099a9d7b
42570,04217c1c34a1f19bbaef3e81b145a58a
42570,044160c98c09a0a32a8b27bd0522b722
42570,046f323064ff243ca9438d9ddfbf1f1c
42570,0476ae735ebe0b43a9ff621d7cdf2812
42570,048d7040a5a4738b76919e7b3663064c
42570,04c422e5764a8d0e3d346ad6dd2eb95d
42570,05329093ed7aa52deeb498726bd9e386
42570,057c6b83502fdb42bf6187878a957dd0
42570,05b0ca109a66dc2448cd5f0b8907c210
42570,05f5ccd9c0bafe4aad1ae42ec12b6b1b
42570,060501c72e9e8002bcd277ef0003eb73
42570,06aa8e1024e3d6198893132da6f3f16e
42570,06ecf97667a71fc394c3413851fd2cbb
42570,07253d1875bfccb712b701105039b330
42570,0729d83f3593f76f8d9ec33fccdbca98
42570,0744bd8f9ba57d353c306e46e5603558
42570,0753249b352c5b272461b7fae351db93
42570,07720139c4d9ef31172fcd2537869ce9
42570,07f66a13089a3baca2bdd6e9cce06a35
42570,08074ed090b8165d9d9842ba753f8a80
42570,080d1c32d01c5a8d616bb981c69537d7
42570,081919e2a7818b2849cb1c09651e9f61
42570,082fe4cb1e0a24d2bd12958ec19e00b3
42570,0858afa99ea84ba54c3382b4f656f02d
42570,08ab5b2683b898b9f829db6ad6107b0c
42570,08e0682b4400ef84a4400ba4cfee6947
42570,090edda6be8614b0ce9ae1aaa4082be6
42570,09244c8a7322fb04b177eaccce8384a9
42570,09250df93ffcb2478e9149c87c2bcd2c
42570,09424277b10213d0c973078924bf3e9a
42570,0952f1942ea0026bbcaf91f458158bb4
42570,09637a29361cc62239dddf5c39b6dcbe
42570,096958669489f6c789302e195a0fb06a
42570,0996a096380bd61aa44fab0e0ffe7324
42570,09b6ee23e4bcd4cda454fb6826e1a419
42570,09bf533d35c7892df986055639f8e68a
42570,09eead200295c8459b469d2bed73ac1d
42570,0a6bc4660580b7bae0e35e7aecf62eaa
42570,0acbb8a7ae7b4d0437e14f5b2c825fbe
42570,0af635dbf1af4db6a329102d589c6728
42570,0b04a957616aee3697c16addd8295f74
42570,0b1eec4ec90e6408599cd0b1c0144134
42570,0b214171f969fcee1ce33242469ef995
42570,0b7d2528028737a7679960979d71d698
42570,0bc9b313ac8d2e20127b13649ab2ad5e
42570,0be9aca7cd7d6b050a096edf6e86cf20
42570,0c0539558578a966d1c80bd4335f2e16
42570,0c1ab71abd1d18ce42d6cdf36ae4c085
42570,0c3654a67a7f3a2588c3ae41d4122112
42570,0c50797050d98157a410597018703104
42570,0c941668b09fabcd6de4a1884f617c30
42570,0cef58aae351100f243619ad38d00d24
42570,0d1499066a14ad555e3e0a45f9e55f57
42570,0d63822cb7602c06dc6d2767855fc16a
42570,0d8853388ec450e19fafc50d8c91c7ff
42570,0ddf2f9c661ae71c88432e348ad334fd
42570,0deab5553e072810685c93b869a42416
42570,0e3299ae7eb1959eb4126bf8ff768cea
42570,0e7e3d372f9a497d5bb9db82e4190220
42570,0edc36be9f7fbc2feabd3a61c7ce6766
42570,0f2f06f9ef9bdc0d684b6483c6b73ec4
42570,0f6bd68f901b13c86ecdac9952707bfe
42570,0fa377e0f72d333cee50b4d2daea8dc4
42570,0fbee67fae9c4214a4f21dea5a54475b
42570,0fccd4aa4ab5d63e960af4780cd18a7c
42570,0fdd0cd219f4396efc95621ae6359f1c
42570,0ff634d0b1ae5954e514f898efd29827
42570,0ff9e30c898d77e9e7b50f9fe198be7c
42570,0ffbfa9f4512f0b2367d1147ba770397
42570,104e15a5f20343817beb607432400089
42570,106725a4fb7245777c2dd9ff747776b6
42570,106b21949075021ee3e9d219b73808d0
42570,106d83cee1311d480cf142b74eaf2286
42570,108a811080b36fc2363f78afc75d1756
42570,10bb0aaffec8cf35c207b9fb7e410002
42570,10cd873825b3b03878a3ff0a506392c0
42570,10d92098ae3de32d2527f5fe0393a4ab
42570,111d6046effcd8e0a7bff5b1f8853eac
42570,112667ebcfd775827e343aef1d6d412c
42570,11701ca0dff2583c488b8d686f9829ec
42570,11be5ce7d6e86ee07bdddaea6acd6343
42570,11d20fd914c268ed99a58918a3c315cb
42570,11dbf5fddd39d5b6fb48d2a9df9ee791
42570,125809faef06672a705e5ff19ff94d00
42570,126527a26e566cc54c9b3425107e6051
42570,1287c00b3605514a1bf9e2768b2b5eff
42570,12b9b6c64f1ee6360e5c78cd9a03da88
42570,12e79f59aa907b9e2658e7333ad3a362
42570,1307c9be04dad98df5d74efcf2ec6c5c
42570,134fe3327705bb5c7762c482e7f681f7
42570,135a6af3f8675a7829e687a477fb5261
42570,1365e1c2b483507854b777e3de0d2b90
42570,13abc4970e0198f341a89743940795ce
42570,13b2669d18ef6f3f29ec1233421ad1a3
42570,13b2e33738ae46f34f5e340e63c01ccb
42570,13cbe9c687778df0a7900cbd9eb0150a
42570,13ebd4ce41e4264c09d75e3b955c5049
42570,14195e599568228b24bb010c4af227d6
42570,144634fd5c043bb97717d3c8bbe4aace
42570,1448da34e3c1ebc19ef6cf496101dd21
42570,14782921509825b136933617122134e1
42570,14b11ece2b0c2527177d7b4a3ef2a953
42570,150790d28ed9db240b980a4961c6e0fc
42570,1556a81a4213346166d0678060a4064f
42570,157d69d977bc1283ee3657d3a58ba787
42570,15b8a5559fed540bab7d8aaf963ee339
42570,15dd7d41df92c645e621ad12e9fa3e2b
42570,1620a5385dbeb49bce82102ff5234413
42570,163d68bcc971619e182d2fe458c19905
42570,1652e9e520f84923973936d659cbc66a
42570,1663f0ab4f7481f4d7f413c7b97e5ab2
42570,166bdb3bf771f583368ff95d231f789f
42570,167b302f594cde358febab40409f686d
42570,1686501fd4b86d2f64b0dd6e8acf85e6
42570,1699c95566550ab752eab4ee75c02bb5
42570,16c70a29a92af39ef2c2c78e49def263
42570,16f170aba82fdc165c2e9b4a1b0a601f
42570,1730f2ed065f56726d1f92d726118d9a
42570,17494cefc2e50147d55ed30ea037f6bc
42570,1792958af15ef9a494357723f8118ae9
42570,17d34b9cee94367e50b7dcf5a8051c73
42570,17e8fcf8ea49a55c56f7d66c7bd126e4
42570,181fc9ffa62db0c598318a2ee018679e
42570,182ea27f19559fc6449d851dd473b783
42570,189e345d4ae812d1e4b83a7c4d5382f2
42570,18c027b1de86c64f7686ef6d99a73f59
42570,19096ade2f62a0d802c46c6e973f002b
42570,191aa5620ce28ea4b100e004498af06b
42570,1951eb04d857a6643fbb392e9606d689
42570,19a5d235a118cc812ae49d198ad5f87a
42570,19a82cd188d63f379a97a2c16d5800ba
42570,19b74e4eb321b514a30df1b62a779229
42570,19f91931c6936d4fd8471b6448bb552d
42570,1a10bb601681cd4cff29bdf4712ce22f
42570,1a3cc64d521e8497d1a3fa6059345989
42570,1a4cfa6bc85a8d8fb81d9edf895e1140
42570,1a4f4fff59ab85775fdfabf410b70a6d
42570,1a5218f2cedc0fbc82129276523f0c8b
42570,1ab13b7cc6fc199bc586d3e2447c6633
42570,1ad6185f44e62b9c826c75850a8a11cf
42570,1ae4b3d715c76e8cdefcb02ee6596796
42570,1b00db00f6984987ff09032f74a47203
42570,1b2d0d2a7d6a38bfbd01bf818c953153
42570,1b6c2031ff654b9ec629137aeb7b7da4
42570,1b773ba0e8c2b79a2ec816c858d75981
42570,1baf2ee8d1272a5da713bf7ee71ec25e
42570,1bc34a67abef70bfcd028a6b98c3af75
42570,1be1c7c4e38e196369fb51a3af6f40e4
42570,1c9a7498b267504e7f79955bb5248d43
42570,1cb416c6d4a0933b052785cc41756f50
42570,1ce8c1843d65393cdcd3f97708fc03ed
42570,1d0aa12391d322b935b22a7dcc2ecd10
42570,1d2ae4aacf6247a757af5dfcf69d5c24
42570,1d51ba1a2c264a597e22df64057e59ce
42570,1d5972f14015759dc46f9fa62a444ceb
42570,1d7f972806fcf53a60e4c8af144ec56a
42570,1d838e1bb18a1fe7c5074e2398123d8c
42570,1d941087c065ffcfca6afd02b90ce3a3
42570,1da98272486620ec8132b98b95ce9fef
42570,1e23e7872a9acdd9429899a36caff3a6
42570,1e768d08ea46d4c860fc5b11a556ad49
42570,1ee711f3a8e8db201410474c82becede
42570,1ef1f136019dd8c98693b19c1ca4b1e6
42570,1f8b8a470628db670ea67a30514a8e26
42570,1fd846d955160147046590cc5b1b6fa4
42570,205f83e7642997e185f0a6b0f7f89450
42570,20a2369eef020e878f8de734b9a635b1
42570,2101042ec0aec3a615c634db025c2be7
42570,211ee242bcf966819cde414f231118f2
42570,21203738215d60f05463b463cf2dd792
42570,214df99b6fd36dccf0ad9abcd6469e25
42570,21895250aa7d229a6039b53a4264ebbc
42570,21da7dfcbe00b19c46649bd82fa42571
42570,2209946e0e6783c442a5af243448a4b9
42570,2262091db255ddcb9107fc9f05542d78
42570,22d0ed578e9c5c181d4b03bfa02b34cc
42570,230e889bbac651b4f23f370262aab429
42570,2367edc4e949ac852e64cb0ae35bee83
42570,23a75b8521f2891129a15b009bea3f03
42570,23ae98bf352aed2aee2e491352dd612b
42570,23e08596bfe2f58c1d6e058e94161ea0
42570,247a786fec0a6bcebc08d191f6b0ad65
42570,2497a63ae2fa8690a6e1b629eb9a55ba
42570,24c35bf8b7cb6b8b853d2b8f7e1e04f1
42570,2508f5b782e8a71a605033f76954cf0f
42570,254f51e0abd356676b8f1c103cfc92e7
42570,25612a70aec1e3f00d14fd109eea9b1b
42570,25653daf6e2fd8f8b7b9814536858f9e
42570,2598d9a708bf02b6a42c73eb799d8a89
42570,25a673f0b5e26cf7027fbf93b0fc5918
42570,25bacd1417e1e1bc9697c9b2bb648a91
42570,25fdef33346b4add7d05f1758b58d357
42570,26373e13f660e5521b17bc93b2f8ef7f
42570,263d46647eaf975f2c6ab7ddf613e158
42570,264505181241f5f7dc9c02045bd93984
42570,2646cd30f48bce8e52b7c7ca4c5511f0
42570,265da3a07ac2185b31bb2c4db946a510
42570,26653b69aed19a4b8b927e33255716ef
42570,26db20fbc5f2b418f4623dd37c116717
42570,2703d87ab9723e34f2abb40b873c5d9f
42570,273f3ceaa4456493005b91d0049c01aa
42570,27bb566eccf50fec6c42351ca1dbf71a
42570,27d0672d07a0fcf65b6bbce9ab07fa30
42570,27e058610bed7124310d97145311ffcd
42570,27f0dd74dd2924899506943865d4b358
42570,284875e2acd194b9a2080cbda3f3bd12
42570,289448e560d671c22725322f4aa884d6
42570,28e09e5018f1151d18c84d2fbf5801f1
42570,28e2aadec1ff816376afa700c4bdb788
42570,28f9597ed9d2fdda056c37c552f32f70
42570,2944174ced5d94fdec4531480c994ff9
42570,2984bb9a339c7ad57548dcd9c1920845
42570,29bd4844285554e8413107edf06b57e1
42570,29f6e7cec93db75b5f7fa6a6906fb2dc
42570,2a4c66188de0b9b898b145a013c2ec07
42570,2a87036ebcf2801d98ff8b1160e39919
42570,2aacf5834c4dbd0feeb24274437fd5c2
42570,2ad9c888898dd119c6b7e23c4901a652
42570,2b01ba66ab7126ab463587d2000f74ab
42570,2bc2060caed5dae65abb9a848ec00ed3
42570,2bdbde4ab084895c3464b22228d2edbd
42570,2be17d3e0da4ca65f9798d74b3648971
42570,2c686945387fdff636188d518ff57684
42570,2c73c2fafb8a41eef61b13cff7160b51
42570,2ce42191eebe73dce917f835f2125763
42570,2ceda18e32de4eb2efc4be63cffa5844
42570,2d01415dacfb3b758f6e15121490f9be
42570,2d3dd72c973c28ea7ba66a44c3b8647f
42570,2d71e81ac2c6a1a83e2b24c119305127
42570,2d8740dbfe1e654026ce7f6370033649
42570,2d9454cf1f91cb23a87204f6dc461c16
42570,2dc30783c0a31de6d356690fc3b287d9
42570,2e48b730123c360c65abde35d4f5ac95
42570,2e60eadc3695cf0ef1b8c5f1a723c93a
42570,2e9204d5ae0d85666c48d1b09cc878b1
42570,2eb49da4d85907e02d163b2eb5018524
42570,2eb5d2f3bdf96b58393104d49c122706
42570,2ed7706a20f7a1ed9eeb511b87095e67
42570,2ef00d22b9dab4c251c4d013fa0a60b1
42570,2f077a14bd0f44a635958d7546cf9732
42570,2f2704da39ff11ab8d1c04d6c0a0e49b
42570,2f79acab922c2b5681733c5e3c435656
42570,30312381035eccd246ea47f7ee9a99e7
42570,3064a6f4dfbadb104d9a9688b5db6fc5
42570,306c9270b18dddfc4de2de0d81a9c153
42570,307c38b1ae36a126af18008c9c39c77c
42570,3099268e5f13fc65f21c10effbe8c8cb
42570,30bab3ad6197fd76df3974be1f462a74
42570,30e0897c4279a17e35eb5c497a2eee09
42570,3129dccb56546b6e7e3e632d32d9b52e
42570,3142b41cd732f72782f7e876563ef53c
42570,315be7b10b063dc24547868e92d767d5
42570,31b83396b9b8a5f134088aab8d204f6c
42570,31f394854ff5b481525363a9fa0c7d8b
42570,31fc6e2e05fbfb3dc5243cab4c173bd4
42570,3214f177a047dc4f556dac0f522ac244
42570,32aca40af229ceb75e9659dded856336
42570,32afc9cd85e4a27a75a2d8e2c7904201
42570,3319376a6b98bb9cc3f5fcddf735611e
42570,331cf8ff5854b1eccbb97e25e8c8ce70
42570,3328e54682c2c1b9087408edfb1b7f44
42570,336eb99da416ff08d9b261e6a49225a4
42570,337ceef29299d503887a414237b1e087
42570,33fd88e4758559d303743d6b57784d43
42570,341b50b56c874f50e9ae700736df0258
42570,34864d9a6694caa4e4ebd17f023f9863
42570,348fe64748aa17d54c658f1a4a021dfd
42570,349a4aa17aa2a15251a8831d7d076341
42570,34ddaaaa3eacde5ec1d878d4ac29f34a
42570,3523ca209f1f87b417523d14ca45017b
42570,3527a118d0ffed96a892ea2c28aade3b
42570,3554cdbcd7f5e2bfb96ecc1e44577cf3
42570,355c6ffafd6b4fc5f77332f86ed872f5
42570,3562fb2ef60598849ec36eff5cfc5976
42570,3595b4754a9869640752667c37719dcb
42570,35ab124ab78b2ace7eeb772fe4cf413e
42570,35b9939100b6dd0883eb6b8cccbe117a
42570,35c113db7ee7fdf6316ede27c08621d8
42570,35c340967cfff6c634a0217d1b97d458
42570,35d6b67ac10d0d53da574adc6153df11
42570,35e63e5fa756505a5fcf481a54149316
42570,362e070fd4233ab4b70bb2f81da2218c
42570,363f7afb1263a795448e8366c84b81da
42570,366585e0c517a1607dc8cc88671a219e
42570,3688aeee65e1f8687bd2473ecaf95700
42570,369ebc5ef1d13a4e3b41dc6b9abad652
42570,3796bb8ccb0f971e6e835b977a796e22
42570,37fc0f174171e9cb6ac1d3ef415d668d
42570,38267367d27f2ac8382f0ed0f0de4abc
42570,3828a52eacf767a4793fc184e2dffb0a
42570,382f3c33bd2454cc5c1e940f77cd21fa
42570,383f41514caee80c016a2ea7d2e68803
42570,389e3eb9e453bb656ea41a15236958c6
42570,38c99aeb2431acfae55d96dbc542123a
42570,38d5fe88345fcd55519100b3088fea9d
42570,38fe4e00f0c60382a4d078aa7cef63a6
42570,3966215188aab9deb2efd4d3871d257f
42570,39801b358d3c4564846c4082cf38a17b
42570,39a13f372469677cb50e19e516f3e4b7
42570,3a0db988654e25b8c77dc33f99394132
42570,3a7a36390dd12844a26c790199eeeb6e
42570,3acdfdddb170b6fbedd0980c08c1b5c2
42570,3ad559fbb46a1e080804fcc027f6f101
42570,3afa308f351e71d0e8cebfaf5578df36
42570,3b83f7303e55c2e9bba8bf4a3a388951
42570,3b853c2b643442cc8d6a4395f959b31a
42570,3bbf2b76eedd778e328987abb756bfbf
42570,3be9cf3a74237fdc5b1ef2b31580b3c9
42570,3c2d842e574942152cc4731102b56502
42570,3c8709ea8bff98142a1711d8eed39c64
42570,3caedf24a97fc580205b9102faaac77a
42570,3cb132cddca41bfeccc8bd3ec0c0e15d
42570,3cb8611bb73e6e9bee7117a91e1e934a
42570,3cdeead60fd32a4b36bd9a1c465e470f
42570,3cfe8ce79d9977d7f12e46a9c33a3e00
42570,3d12e55f53b211cfd2e5289ffc4786a9
42570,3d28c9a160ba39150870a34ad941a566
42570,3d61ddf81e90d704beaccfba4f464075
42570,3d7f17021bba8b294abcc1609f1b2cb4
42570,3debcfe962c7d86de4e77654483b8ec4
42570,3dfa830aeb085df8901061e38324464f
42570,3e133b1248fbe13309c3e6170bcfb396
42570,3e784c7d80834f3c2c1d1be932267093
42570,3e8eb74fd4fc785f75e2dd2c85042928
42570,3eaa417443114f1bae7f77bba2a67b58
42570,3f1a06c2912f77194f511904152aedb3
42570,3f65ae29a69a434b938eff2887b79aa7
42570,3f66db4662122783d9199a1f91f322d8
42570,3f7c984c253acb351db7963f85c7ccd9
42570,3f83810acd46f6e7e426d4d810baff29
42570,3f958ac1221fb6ba5c3b0b98c13090c6
42570,3fa7750937adddaafb83b98d2d2f2014
42570,3fd0b80216fab508bde17da373c8736a
42570,40c0782c5fdbb62cea88eaee1007bd6f
42570,40e7cfaa1a69efa0051416696672ac91
42570,410fc3eecf4dff49cc884f73a4889599
42570,411925ac3640f9996e765805fa75b675
42570,416e80a715a047aec8735752225b4702
42570,419a403319712c03911eb46ec194cf81
42570,41f7e7122ed7089e2a0a42cab5401328
42570,421048ddee2401f147d920143377cac7
42570,4217bedb946258a1f8a174e3755f1350
42570,4230e747901af297cb396bb69e902ac6
42570,4257e0a92f67f2aee0e317e3b37c36af
42570,429ff91cf6e352c58f378c87bacf9344
42570,4302ce56c6a2654713a416ee8046851a
42570,4322f3b74e39904cadbc392232229d19
42570,4326db7c0cd417759fc0d3a7aa20e3b9
42570,43bc36e1f6d7a7538e28b011bbf70213
42570,43bc8c47ec155ad0a39ae6a121dc76cc
42570,43c599be4551c25569041984e7ec6a2a
42570,43c85539be0daf7c0a199dcc5dd7c04a
42570,43ec6951ee4ef4827995e3c82603d2ae
42570,44243ce20cbf0f05e241ae2725912bee
42570,4486d5e952139da46d1561cc25cf552b
42570,449d887632a577bb5d642c213a8029ca
42570,44ae03572bf08e543ad8fb518bfce1b2
42570,45071dcd807d1db79f2a118c00be929e
42570,4509bf939f07926cb2a3f2a559f942c9
42570,45377a383119b60cb9c636dcb5a9be73
42570,457c9720166ccb6edc3be41224819681
42570,458879c5372ea97ee0858c3e79547d6c
42570,45b7a00df21ccaffbf3ea35981498739
42570,45d4cc9ae4f23e3f9f0737e5d133e174
42570,45f8ed0047b381ff28897bb42cb92e63
42570,4601f3f122a84105a02a909ef674a0c1
42570,4607e05751a3c66c0c7f1c1cbc3cac8e
42570,468a8705f835322dc02e5f0d233628d8
42570,4743afebcf7525ca883553897d9d293f
42570,478807557f620383fa60d0a1db8c1250
42570,47a980b2467f67907f6092f45c1f2cbe
42570,47be3854851d7bb8dc86b06692b4c334
42570,47e079663a3f84f167cffe1c0ddfd023
42570,47f2b2ac6490da554f6179880eeb6b69
42570,47f842f224eb5b298a59d0a64a8b5baf
42570,48165646931a5373cdd24313af666de1
42570,4824f34a6a74f67b5aaf4d6e6e62b32e
42570,485d2e41e80214be7cee887971068a5c
42570,488007edb1f583f5d7afb3ccea6619d7
42570,48db94df25a806bc7a7f995cba67b41e
42570,490b166b2760ae18d9a9399754b97ade
42570,49243535e0db44db83403488a1e5bdde
42570,4928ab78832d36555cd235f589f8c063
42570,494c26f69a115b429f94748cc064983f
42570,494e6935ab9552b5f4605f554ff5cb88
42570,495a29c6cd416525d02c89b3bdd30c0e
42570,49a5b4792c27207c186d61ce982c652b
42570,49c8ba8efa5f14b49fc2f5fa63bdb6bc
42570,49ebd6ceb5c46335f5ad67226a237d22
42570,4a3db0c13f5c2e8d360b7d09cea1a663
42570,4a3f0a7d6a8ab4a734dc212c93722efe
42570,4a537cdcf186be65cb64e6af80c37b6f
42570,4ab48590f9272f9dec7d38d8738b64c6
42570,4ae358a312f84685cd0d247753928451
42570,4afa74adbd5391a9073122af3532cd11
42570,4b05cce28d453f2e970eb0334ab02775
42570,4b703d0621cb69cc1c9f96312782af5f
42570,4b81ef108be9a4c22152051a84b63333
42570,4bb0856febc7d1192668baf6be5f7b16
42570,4bbf28667514e0e0a7a6b0c0d462503b
42570,4bca29d6959df86ad95b2a51840b2db4
42570,4bea181d43febce4d86ff72bf540e3c5
42570,4c23081f975dfa60583c6929b50aaf71
42570,4c34da8d72f789c18aae88eb04915a68
42570,4c6117939e8e807e753aa701846e8510
42570,4ca2ca27255d7917ff29e8cff1229350
42570,4d2a7122db416a1a41765f9f76802b39
42570,4d3fa061d51302050abf40db17fc86f1
42570,4d4bbc664e0980e513cc404e1785fc80
42570,4d5def89c2a9bfe6466b695c0c57a11a
42570,4db509cc5317204b363c2efddb51fcea
42570,4df3e32d66eb0c35f4be1d0bd0ce7dec
42570,4e4551860252269f80bd474327f2d335
42570,4e8244ce40aa1c3a7e364569cf057094
42570,4ef8f890a7b68f22838b31d112a176f1
42570,4f05f91dd01709a4f8548df03566c92e
42570,4f194244a0ac6eb657ddd7ecd34d99a6
42570,4f201319ed540fd0c39af946f8eff627
42570,4f3136afc3a29c24e32299685b55c24d
42570,4f472787605af2ad02335970f4bb1857
42570,4fc716a199ae29c3a5a879f11c449b34
42570,4fca5be967186c519ede30c1d9e9ca31
42570,4ffbb5c0d04cb4a1a5997e6fdbe933d9
42570,5070b1972948902a01a65a23c0d9074a
42570,50aedd0672e251ddf045f6e04f37be1d
42570,50eba42d07d038907e3d61efd4e0cbb9
42570,51177f143640cadd9f7d259f878d3bbe
42570,512f6fcd0f88f81a918e4cbd52930995
42570,51308a7449341af1068fe460b4f914a3
42570,51336a645fe9c0903efe3a7a70e6171f
42570,515604fe9479c3d44f438d448d85d29e
42570,5190fe04247f5ca0c5bb76dc658644d0
42570,519e56c27eb40bf0c91adf6262a6d15f
42570,51df18f20ea99440e053e1b79984a917
42570,52044beb76670cf334c0d0fef3233ad2
42570,522d5e8a3a70756b0c2ef88cfc297a35
42570,52a33757560d35f6e27281e52c9c5ad8
42570,52ac138428c909a576031a97c28be820
42570,52ec642c6b103baa373b7e107bc65eb1
42570,53215c6ae166b86e7a24efef0a1c7bd1
42570,5394bf1ebbd249e0153e616edf8347f9
42570,541fc8d3b043df2e06f499aebd0b23e0
42570,54d65075304136db257730c0a2b26649
42570,54daaa0222111010643460a1c3a91f42
42570,54f66d74c369178e13b28a4bb4c8bbf4
42570,55016463f7e7cab00c40b04601d1c519
42570,5513920654f1ca0c78305d9530b81635
42570,559329f0c431c31e760a0f84f122afff
42570,55b7ff56a8b81890dc6c6b6b10653974
42570,55b9302f65a9c0d9de6673a66497fb07
42570,55f911e516cbcb92816501c6908a26dc
42570,563736a32d6b9d2062d893c34f6e4076
42570,564d41a06a617507f7160c83629b955c
42570,56bad86dc1555d29099c333f11744f2f
42570,56e82f087c754cfa98fefa8366d6d339
42570,572d9e84e1f58148b131e0e4ac73a71a
42570,576ec15936130ec30a9e71fe067c35b4
42570,57706eef0b7d2f33cc5c8135ca0c4236
42570,577b9ee94d2f2687d689b26216c43ba3
42570,577e3cbdb69c3ad90e8f6852ce25e0c3
42570,57b04c1e4482efd82ef6ec89c7cfe530
42570,57c559b00cbec6aed99835070b7fa317
42570,57e092f41c4e8379c9bdbffeb1ae2eb4
42570,57e14a641600fd871be2392f1395f1c8
42570,57fd6613999cc343fb5e3168770fe0df
42570,57fe3ba8ec8b317cda61a818be9d0035
42570,580041bcad6b4f99f656318285ce33ea
42570,581f7765a16362d56509b39247fb83da
42570,58219f6675ff49a46ee15d53a0affc85
42570,582ba731c2762e2f565374d8b627dd5d
42570,585eb9663a160b42214845b5ea4067b6
42570,586831aa34d642d4f70adef714788c97
42570,5888d6f83f729a255a50648bf44a72af
42570,58d86eb2460005251a6fb29afeb4c60b
42570,5918bd139698ef6221cccc75fb78ba55
42570,59d1351b763334ac959458b406674c80
42570,59e8e881f0dd1c49d791458d7b1b513b
42570,5a29eb20a47b6acb5b589b52922cd677
42570,5a42546d5325c0d98aa41c1a08072ee8
42570,5a46062ac7438710aae1aaceeab2e113
42570,5a52ff70bf94b67739ee543380d2e7cf
42570,5a8e042e587538d7ab34fc18eb9f5110
42570,5aba1a98bf7973b114baaa39f8821473
42570,5b1caa3a5f9de8d0c91cb1d3aeabdc95
42570,5b9c0ce56dccfc624ce6f7616ee8a0fd
42570,5bbf885e84e9d096e12e1ef16573a241
42570,5be9f9d17f9b85734f1e947302e97081
42570,5c1fcc04f12627184631b17e245074e8
42570,5c353376cbd0e955b23190c8cd80ca51
42570,5c6624decb3baed13d1d15098baaaff6
42570,5ca526eb47ce6d67e308b600aaa271e1
42570,5ca71befcdb6a0310d775dadc0ca1895
42570,5d8994564281c6addb8b576963ed4107
42570,5d89d62f6a60683b753cfb5143da8826
42570,5d99b7534e04b3b239e532aee7e1e55c
42570,5dcb795bd1e045445c3c78165c60c312
42570,5e4224fa247b60beafe645c1325d915a
42570,5e94bd00fe2d785f0f28512e90e01f7e
42570,5ed635c3ddaf5ec6e98b30022240f751
42570,5eeade0f035fbc612d13e818ffcf43b2
42570,5ef8e24216d6e757aad193f366a7db56
42570,5f9f9170f30b8d94db2df0f4f36f3bac
42570,5fa9a39a85e9e5deade5ad2b7562321f
42570,5fba047dcae9aa753543279138918274
42570,5fe1180a5a62ff3b48bd8042e164fc6a
42570,6000c049dca0e50326c95e2968efc7ce
42570,6057fd862d62e8f6e96d7a6c7752e5fc
42570,6080ebe0e2f77e749e8e2c0842cf0558
42570,61096cb4a4c8296374e2e565af9a5f61
42570,6109cdbe561c4ce6a2db4c6b26c36e30
42570,6134cc718a4a2718a541482c3d68e9fc
42570,615dde917c9c1a090361d80eee665a89
42570,6163ba4d8b733208f1a02b2a9d27120a
42570,618a3140b35af6fb482e7ad22202192f
42570,61c00075f750c69e42794f65b42da9d7
42570,61c7aaa4ea78196101829bc5cd25b6b2
42570,61c8a86694d7e68e7d61b2221e5dc74b
42570,61c8b968af6180bee75791d8daad2002
42570,620cf649c58332785fae7fd6cc794a84
42570,627063bf54e4c2ab780c2fd1b821190d
42570,629d140a0f8830964c5362c69e68a546
42570,62bfe4511ace3ad76228c7707057c8bd
42570,62d470a68b801cc1cdaf0f5cdda2e23c
42570,6367df300a7e7873d793e1e2a5a2836a
42570,637c76e45fdfceff948bb146faeb5207
42570,639c8215e4b2a0fa94fbd26d450442c2
42570,63f91a131b1719e0db3fb8c084e98d62
42570,64133e04ff7333f024beb221d66a38dc
42570,646267adeb68e83cc536429e7ae50962
42570,64b1eb08cc95d2a907bd3c453f03d170
42570,65076dfc9ec23f1cdaf928fe6af8fd26
42570,6516909c37c318afb7b20545cd051b6e
42570,6542ee4a3c00601b0f8b34f9a2cd237a
42570,65abef854cdca546c380c5660824b718
42570,65c38f948e240b00e25858695afa2b71
42570,65c51275e3e658659ea2aa31d8d8c3e7
42570,65c561e9645bd0e049357cf7c86e76c9
42570,65d7d2b05440570426a5c494c9a09317
42570,662b43359b6298e83c1581db8304f35a
42570,670a788c5f7c043718658e2d8dde809b
42570,671cfa0b6e21055f17a93e4c6b4c9d68
42570,672c965b223ffd7573a99aa753b6dc7a
42570,673d6db81ac4fb077a06b29ba74b92b5
42570,6756db9613a0b37fd06619db31fb12d2
42570,67ab17896b582a1c1f8a7d3842c1c06c
42570,67b69ed6f38e1a7c6b0a0ed9f9a9debc
42570,67be9910c4cde4611db4edda1cf398d6
42570,6819c243480891a5a2d0678007765e18
42570,6844aec3708a61ba6af5f59fe0c196b3
42570,68f949b8e285bdb67f245914a12a6f52
42570,6918d4edd50093d8f922d6448165775d
42570,69fe424b32b6bf04c98f82b5d480d1f1
42570,6a843f40afdffe92ce8042c79ff2d54e
42570,6a91428ff0f4f487b8ac4f5e6a6587f8
42570,6a9e7373d7be7f2c31a3b099fd9e91b7
42570,6ab52d27d8bcd7919317b3bb15cfffdd
42570,6ae6e40165c83492e2e3302642075548
42570,6b543e8efff50c35f25f1abc896fff17
42570,6c0832dc222c32b2ed327a44044a9138
42570,6c55df23425421eb841f87ed30d03b00
42570,6c7c25847f1d09d07c7044a0f20e7d4a
42570,6d333dfb95fc9726b35dab93468dad4c
42570,6d6a03dca8e5234cff85556fe2d6e7fd
42570,6daac2e4beff653966284ad9ed52b7df
42570,6dabc725fa1315f783a7bcdaa1a8b14c
42570,6e2db4fd2d4537ac6f61f948e50d424a
42570,6e5f448cd03549a254af975f69862be0
42570,6eea0445b9fcb8b790131e82abd9501a
42570,6eea4593b9739ed011b137f4fb45d11c
42570,6f472883d35b337311c31e9e483a934f
42570,6f5e3fcb5d6a7749ed6ec76e6ce8624c
42570,6f74a75c5c85b415bd58117c47cd7306
42570,6fb05b3bbb23712c7e8ce9b87fe2e5dc
42570,6fc658173c882aec6941603ad8cc0b3b
42570,6feafa90e17da9fb5d5e88987ca3a50d
42570,7003a5031439eb24a70b64f8d3065e13
42570,701e3623d05e0ca53c193b1bd2d74d1f
42570,707abe4ac1bd059604f9fb5719f80094
42570,707d09828452215ba62683887bf52d82
42570,707ee6825ef74d935616118094a0734c
42570,70d14812fdbaecfdf650740ce73a5588
42570,70df7b05cb2b677b898b7da07bd67ed9
42570,70ed3d7c23d394a3bd9f6f0364a5c60b
42570,710343ac22de611144919d3a6bb86689
42570,71161eb2dd3d5da5bdc2909e6c5427f4
42570,7153f27f1e4f878432678833eef14304
42570,7164e5dcef4340eef47cc6056fd84ad9
42570,7172671983762c6a6aae09729971e619
42570,717c8a628a97c28d6804244e6abbdde0
42570,7190d4a24ec7230905a498b98d350ee0
42570,720c732252e35d6db1f3c05d27c775d4
42570,721c6369e7a00eca013b41b2a33acc34
42570,72530ac3d15692607a1926e5a3dfb6d7
42570,725c73d2e4da4a30322f44dfbc17d433
42570,728a43b57b709cb2c7b343609350954d
42570,72a506aa0d9bb458cb9395ebdf28084d
42570,72bb09fa196efe94bae4178b89ccd2c7
42570,73312a59c82f5779a5abf373770f73db
42570,73403341a374a8e3d6369dec211db1db
42570,735bcadfd6d4d63df9ad14e640cf988f
42570,737e8398b04fbbef4903e00827c67bc2
42570,73890f1fffdc6c7ef81173d9ac7d3467
42570,739393cbdeaa3ab46a594d1498f804bd
42570,739b646f7ca9054733bb03131b0aa305
42570,73d22de9d4e0ce9bb5d5d8e2ed6b0317
42570,73da38b664c8e67c3a390a950b4cb2eb
42570,73ef97eb499210ca00c0071b36003b97
42570,74288430c61882d2a92a12eefd625e2f
42570,745cefcaace0941b80b9bd34211054b9
42570,745de7dc5f61bce9612348f42d9fd237
42570,74993af8af68e8e7790f3f62e4f939d7
42570,749c1fe4133789625f59bd1a17d4ccb4
42570,74c6ca18b2966ed7ad72e20d7256095e
42570,74dda169e798e5654a3b37ddddf05afb
42570,74e44e45aebacde68973308547235271
42570,74f18bdc728cd1da65a44d54ac822ca1
42570,759e407ba88427f4889b6844946d79d1
42570,75a1947e694103bc2aa06695a1f612b2
42570,75ab30fedd5592ae9ab7805f8b2c5d3e
42570,75f82919afc34d81cc94913ffd93b5ee
42570,765229b9665605adfaa1ce1e902397c4
42570,76a77216e0223a7ca7a2882634e4bd97
42570,76aaa263f80e8caa8c9ee51e000c30da
42570,76c0c544dbc4f2e3861c575c86da740d
42570,76d64aaa0ce863ce458374c192c9913a
42570,76e8b821a874d879999ddc1eb9caf7fd
42570,772dbcaa5c351ea656ad5871c0173588
42570,778af59d0960200345f8f92c246d4d7f
42570,77b0db74b0aef40704c85d97a71380f1
42570,77d7a5d84b880deac59333e30599477f
42570,784aee22dd3f9b7ff182d5c925bc2d88
42570,78b10dd539a15fa21a629b8522a3b5e3
42570,78c6e8148658ce64953699f70f6cb3af
42570,7902ce0008e336914c708a011e55a328
42570,795f7acfcc903206866f7629e58263f7
42570,7988ac343429f727a0dfbd179146abf4
42570,79b2dea3663fcb13de2a9dd59ccd3384
42570,79dac11ac4ee6b3e4c71b156328f8f1e
42570,79e03fa607eba7ee2f6bbc6100b8c734
42570,79fd6358bbcf3068bb9f380251c7c0f5
42570,7a04023f56355a77974086ad89a0bcf0
42570,7a18925d1b8434098de6a15c790902ed
42570,7a18cca274b39f90a9d0f36e2ff1db01
42570,7a286bff44ddda73a642b8dbe994e3d8
42570,7a401918ab3271a560d1141b01fbb2f4
42570,7aa6d03c4ea1d0502568aef63da175c9
42570,7ae36bcdc2cc3a55ea0c74a4b3eff42c
42570,7b005bc50cbdab310e2d5d3df5e9f90e
42570,7b3ef9543d47f60125d18a19c1b95ae0
42570,7b5bc60430b212dcf25ffaaa24abc3f7
42570,7b7643e73854a9f86af9f6e3b73997c4
42570,7bbe915975350b468e2a73834b5756b1
42570,7c68603e9e33e7cb9c9fff8ba403b887
42570,7c72b335c69779b5453cebfa06beea6e
42570,7cbe1140fb40456ef67e560cfa8c0bb3
42570,7d1d1628d8f80bf8eb98fd97ea6b4b27
42570,7d818e2194cebf6331f911482748bbe3
42570,7daeab8cd4703942ec79bb49fd6cd517
42570,7dd3c9013f7f91f22718b96aec0b99cc
42570,7dfdce61a7f06980c3c133991c5c77e1
42570,7e076f9ea296842952b6089e45c83b80
42570,7e19a9408249351e4d974281005ae1ff
42570,7e78ab22e8f1b96768605f97e2efe512
42570,7eaf0ce1c50fcef3761dec87ca537406
42570,7eb9f4c4140fb72e23f7c49ea72f3f58
42570,7ecc407cca685cd344e4184647e5f51b
42570,7eededa649061925ffc2914123238452
42570,7f4cc56f9d47e16309068d0ec9ee3a88
42570,7f6e97ea2abfc4e2213ca3b61d4699c3
42570,7fa900fd98f5390a7334b6e25ce25e9e
42570,7fdfdc95a42e2c4e49513178b143be49
42570,7ffb3c623196ceac0ef5bbd36658be7e
42570,8042dc1c7c83fc4f486c01d7db7e623b
42570,805e3fa59673eb183accaf7dacde778a
42570,80a6855c42e5d8d85107c33ba7a8f8c2
42570,80e8983e7eb4ed7bbd3be6682c55e351
42570,811556ed2e45ad08bff51d5e18b161b1
42570,81155a60742cacb6c43801dfcfdcf4a5
42570,81481f08e3331aaca9660cd1824d57c3
42570,81a972f3eeff6430554c1c075b350e47
42570,81aa67a75c9a068553e78269389d2f00
42570,81e5dd8a9abf0ab9cbb14cf204bb5f68
42570,821a72ddd39ccbc610dca52dc52bdb9d
42570,826902a5da4d6b2b4e1fb8a8f7919a1f
42570,826f5b38f5f3e549258d7a130de08814
42570,82ba5c8bc4bcb9f9eebac6357f5271df
42570,82ce436db0b3cc7b8e95ba70f88d3ec1
42570,82dbfe990fb409bb9e22484e59dc73c9
42570,834b862413a3a673078e1bd8003cadfb
42570,8363a9cd3cc71e184d38eb02ab1b2e34
42570,837cc00858d18b2a9ef0d15b10ccf54e
42570,8381845b8b6acfd0e75d817d9eb52644
42570,83c47e15dcaffc0a526cc3571ce08e19
42570,83ce9e8f85c65b3d2f169f6b7c7ba781
42570,83d969f0562a9ca1cea73ef39b645ae5
42570,83f91c772120bc791ef1375344d7a489
42570,845342b5f0f48ac4b1b64c75a0e9e59c
42570,84cea01f91b1bd23d266221a13d3c03c
42570,84f862f1005de7aad4ed34697ddb9053
42570,858ea0435f6a2a0c409cc932d57738e7
42570,85d1d2be880b5fe3ddaf731efbb11891
42570,860263a084e87aaf04dd05e382aa7ac2
42570,86047b973538cf51d52f918c51c1e8b1
42570,862a37b05d63d59cbc41ebc91d768118
42570,86707fb0caff69a99a0b8db430b4ad62
42570,86c946a1103a2078a6e9bc3bd07e8d86
42570,86db8fc83a42758e962e9517c92ea4ca
42570,8756bb0bf0653a181818cc96c3af6529
42570,875cc75b540aa75e9f7ae6ca79db379d
42570,8772662ff224f8b81d9bc0be0ed8f160
42570,87a3aeb622b0c9d79fe1a880aea4d5c8
42570,87a962e34edc0649f95244036d246c96
42570,87f5b2385dbc31a4ff7689c784567a5d
42570,8826be782e009b0840fecf452172a98d
42570,882eecd6b4c756c78bf793e83abc3345
42570,884001a18732f3a0ad5610339af9ae60
42570,8870508797e5b5a2372731b366c75bb0
42570,88a2bebcc1c7aea27c867ec9adb1350e
42570,88eb62624761fc730f74f73ca131e92f
42570,8906b5bb4b70359e3ee050ac2a65904f
42570,8907a2f66b3b28954038fadf2b0c90bf
42570,8974a8a99f95e84b9ad268824ac1fb5c
42570,8983c918696893d9a78c92b01d6d8803
42570,89d799374cf8da344059e3f73701c0f1
42570,89f487edcfed3fae0ecfe7594b307587
42570,8a37a12c2fe786e8ed0eba002bb76bb3
42570,8a9bd881503e0063c4c4c19fb93fe68c
42570,8af12cdcd6a61b4a471126d706db6af2
42570,8b1704c2db7c19549555df1680c6055a
42570,8b278f6edc927b9682431f056e8cd1ab
42570,8b3ee37b7a22ea1c07a94cdda09538a4
42570,8b51e2b3d91de1623ae572e149956bca
42570,8b5b88cece76542d3bee98cf491183c6
42570,8b80e85ede78b407161054dd323b5fd5
42570,8be943a37768269d92cbd672de995f1e
42570,8bff9bb2694ab3c402c5fff9e2315103
42570,8c46526a7f88b0cfb0ab267840c7157d
42570,8c80e194b7cfa0463f086db94bb1a9c1
42570,8c9af9618286fca11f237da1db9e46d2
42570,8cafa394560662cb0bd79a70f2ae0a6b
42570,8cd0bd7d6b97df504d690bd6d39f59b5
42570,8cd0ec92a196491de24ab74b24a291b0
42570,8d29cd3ae89e25cf9685affebdc72cea
42570,8d398ac6b34d21e3052a7b141b7e65d2
42570,8d3b8b212e2bb7e80fe99265a0d02c90
42570,8d4378c5872c4099c5680384c6e32fc0
42570,8d6fe8f123e118cce543b726b4b96436
42570,8dcc1260aea5cc0286fd2c5658df6b4a
42570,8e0dc268bc23296f0392eb6274001fcd
42570,8e59cd80d651e6f8fea295f7e4a47123
42570,8e6d685440d69e3aa2e84d1dd1f6f88d
42570,8ee04556c045bb2d0c8f86d33c273075
42570,8f29a577a6b2dd99b9cfdf17fce20fdd
42570,8f88210fc97ade00aeb55f10448f04a6
42570,8f8c2633bcdaf662682874cf870a3b0c
42570,8f97e8f5f8a803cd6fc34e66b3e85802
42570,8fdd8d14e9e0d019332306ac941b2cb4
42570,902f73bfedcd4cf58b35171f0f3b26bc
42570,90449c559ccbcaf8c3ac9c92f7a49cf0
42570,9050bfb3da6caffc0b80c3ac43960535
42570,905632798a0e367d13184004c070d10a
42570,909db94c529f16ef5406e59b6934e65f
42570,90d02cba2ce20cdfd02db2db20a20528
42570,913279f38caae78c8e231fa6987d4716
42570,914d099a0c0dc382604f82af038053e6
42570,916e90278f4fabe7b8a24c1476af96e6
42570,9181f815948c10f12ed97183ee893442
42570,9193209511665961745e116db660675a
42570,9197e3a8fd8ce2cd3cf34a04246028a4
42570,91a772da43353ff5b875288e91127ebe
42570,91c199d4a0ef1bc0ce7b626c87a4f2fb
42570,91c473860fbfbfa078d094ba83977307
42570,91c7801ca6d6350b693319ff8aa2a179
42570,91cf107053343f6bcc5de58f03ddf5b0
42570,91d4c3bd7bb2ce39109da939d5d2c6b0
42570,91fdbb178b399ad66e0b43590420f3fd
42570,920ceed2458a3bd6f24633795db9936f
42570,92d9679b2be18d52ac49535c1d72aa3c
42570,9397556f91bf908751da111b1ac79995
42570,939ef54cc708e8a840ba1a25d69ad413
42570,93c6a215c124a41357b60b43787e45e6
42570,93dbe07af02088c3c1c6e69d62f10e5e
42570,9444f230d2bdf58ce19bdb96c719fb52
42570,94771c549b52251ea0bfde641847d0c8
42570,94c4b832fdc788a2af1f4bd014b3dff8
42570,9560e43b70f19a44dacd41076b006121
42570,95aa1783b42574954cc3031eadde4687
42570,96723e3e982ae40260422a9e5a92c5d6
42570,96788511f8adccb5ef8f9f4e9264a70d
42570,9684f43f806fe9f1be954c9cc414c07d
42570,96af1cb3218ccd1330ad9b3dc2e1f754
42570,96b6f7185a97a05cf2f1e836cc18528b
42570,96cb31b92f229d55830120f8ff937c4c
42570,96e30e38e43cecfed042cfbc2cfc3435
42570,96f2dfa3690ca546db9ec7a2939e6f40
42570,96fb0d4843ad8f1e44e80c0881e4b1ac
42570,97232f8b4897ad08e1d26b6b2d87a56b
42570,972e7ce409b28b2776835f1b1a5333ee
42570,9742a82a0d419f38d9db6d50c96a61eb
42570,975d8c63d8cc7b29a4d7743307daf0ea
42570,976014602ed046ea521f19248c401d00
42570,9797b70cc433d1fde6850f94f18df651
42570,97dac273e8141157427d635f2d28d35a
42570,97e86b09cc29dc0175af97311b49408d
42570,97f62d0524d54798348f5d1db255e642
42570,980fdb76f5a70aea89e913745354321e
42570,9831613db43455e48244f143165c2c81
42570,984425290413bc67c26d87c854d90da0
42570,98b69b30a338546ff0bddc4e423675bc
42570,98e6bec19a2f026afcdae0ee9d4d0860
42570,99503d7ef251faacc4891ece8f476e61
42570,99717a322c7d09d4020d5e183b117a1f
42570,998c7ab82e78cf8e774176b4843b8ddd
42570,99f1a98879e912a0e1d1e4a0783e0fee
42570,99f241e184a0e770a72b20411ef25bd5
42570,99f830037d1b64b557ddf08e61317653
42570,99fc22bef2df8035081d5386c0069d26
42570,9aacc5fab7281592a79abd804ac4f980
42570,9ab3c48704060c6d79cbc9cde12e72c5
42570,9ae0f131c91eae1d99c36c17084326ee
42570,9aea15af765652dce5b54069b72e4feb
42570,9b0419974b7e5b020bd9805f811b5f95
42570,9b1c427a9dbc9b13d0784f410b78b220
42570,9b1f2da206ec88aeabeadd92643dfbcb
42570,9b58d375b8d422932bd4f588e9eaded5
42570,9b65352cf34d9bd6053636a017d6c387
42570,9b6ee475e13244110869e5a70f933f65
42570,9ba0cf3b4bf81607b1b4354474a2811f
42570,9ba7ce74a56baca4171fb5e7fcae1235
42570,9c05a3fafa1ef71b2912af983105136e
42570,9c29db43d883d16e357dac6266ce70a8
42570,9d11abbc71801cfab6d7926fe15ddb1f
42570,9d125bc9ad80de84b01c1309edf6e5a3
42570,9d1da2d3e21bd16e6aaf653d32271345
42570,9d2b235317e58aba20da23efcd1a406d
42570,9d75f2130943a5a1b52369f9a1b44aa7
42570,9d90d0f2c1511f925747c486a185ae79
42570,9d973e0b03ea1796baddaa4559c28cc1
42570,9db5b4b78a3f67a68afab29ffd16777c
42570,9dbc7c8c665645fc17e92172438a8fff
42570,9e1aa7ed10d8fb81005237285fdb007f
42570,9e32f37f2bbc096e7f79317a4274cbf7
42570,9e43caa6176d61a9233ca4cf00ad2dce
42570,9e5c921176c56747c2cea421af53e576
42570,9e85d2822aeeccc0b58ae46a7622c5f9
42570,9e93ccfc27228cd3102b525d892bce11
42570,9ef1dddd480c899cb7f9e89e697890d6
42570,9ef2f5c07b2bec9f3df87140b0679b41
42570,9f53ad1ee134275ebeaa6db174fd1889
42570,9f9c0e09bec9c71271610959affc06ce
42570,9fb4b1c9afac29fd06d47e6b0e889497
42570,9fcc2e2dbf70fa6b70027f7c7976c685
42570,9fe56290499992d868ff87583af9a547
42570,9ff21ebda13e449ffc260562a5d9bb55
42570,a07a9ec078bf515bd16264a8a26d63c2
42570,a0d8c53c2fea484dd07ed47ee26a94a3
42570,a0de95b132cf60fbc6bc58de8483b19a
42570,a1062efbb5e8271ddc0eda87f7eaae2f
42570,a164a0c25c1e2e49393eb4490f487b18
42570,a16b15231952add042b178b03bb5ae28
42570,a175fd7e968c1bcdd38260ab615aa535
42570,a1a25a1175af26e465d46716623d7df5
42570,a1aeed1d2c6eca0077d39441f2223727
42570,a1f20e288c1f39217ef2b703f3b9885a
42570,a23dd726fca2d8080ff8552ed19c2482
42570,a2492ce39585cdc891b0d2f5f9fafddd
42570,a2820ad4c6c8c3ebc10423bc66d39f6e
42570,a2d2a8ff2a1e21008aadc554d00a9503
42570,a2de2edd634aafd4234610077815080a
42570,a2e935848063521c90528133b7638c4d
42570,a32603c520e3efecfac83874603433c6
42570,a3b44ef170ca24e19744540c86652375
42570,a40f1bab2cf84efb4f173b3e56661202
42570,a410d365eb96e18999a2ab18d3633f4a
42570,a4435817a3541da1c694e3decf473404
42570,a4498d076ead4bd3e6589a3eda2c24b0
42570,a467016230357063bb5c6f325c87712a
42570,a46db72f5d15d3fd69f315973230f692
42570,a4985252ef13a637fbd9e18be4cbc4da
42570,a4b0c14204718e969d19e53a9fc8ef60
42570,a4c7215498619f5bd0d9b6b0d5ba3324
42570,a4dee99a2dea2c3e47db5441ed43f54d
42570,a4fecce79c2f37cdaa1c162e007ca6a2
42570,a5959e7e7d92fce0fa04b988a31e7e99
42570,a5b2dd3522629a8f48e47c637156d265
42570,a5e2bacf5f66117bba15442b89cf0383
42570,a60e39c5825e7235e54a5bcd420ba864
42570,a621f48384285a9912717a6faa5d5dff
42570,a668fecc18e86eaf39185526beceb015
42570,a6d69acc2f6b471faca310584899dc39
42570,a6f427f6000c8088be9994da750e1e56
42570,a70fc0688588a852bc1e9fed572f1604
42570,a7735c81d91701436a2f432f6246f447
42570,a77ef7ac53394f515e84003e7c10cda7
42570,a7f1a2b737a16745042fe45417edc581
42570,a85134f0192e946128c8f343f46347c3
42570,a881ea26668a346c1ea3b20ab57f8d77
42570,a8dbf543340f8797a32b5cdf6b2d30c7
42570,a8e1f0f6410c7f89b6e736e392cd525f
42570,a8f24fb98fe73eea7206b3e19de6ab37
42570,a92caf7052ca02ee3831a7204e43399f
42570,a960f41cbdbb4143f21418dcdc3c1d63
42570,a9c3dc75dd044c1d5e9bdf6b8cdc55fa
42570,a9c728b8157511bcbd1de288e8b3dc85
42570,a9cfb7ce496d882b182551182c5a674f
42570,a9f4dda49f3188517278cf5197c6b3bc
42570,aa0c841cd3178d51ecfcfe7b8582d13c
42570,aa1402e7340ab97b556515b1dab25fbf
42570,aa1e21ea91b3f85efc496fe4e898c55b
42570,aa4bab7c6083fe51f4c785c65020d221
42570,aae07bee24b6b4807807ed5edbea42a8
42570,aae0fcf4c9b5149374c0801ff0659ebd
42570,ab0aac9f8bc47d65c16a5d0b7e089d31
42570,ab2c7e3ed282e89565fbbb1a1dbe9887
42570,ab676fffa77b0dfb53b327d54fca6c61
42570,abe74100ec4da291d1e549a329206b16
42570,ac0b9ec6ebac0c0c476d6114af58f382
42570,ac1d96f1c3e3bc2af06ee4f0f23fb94e
42570,ac3f231466cbfea70f692d8c605e098d
42570,ac405abcc6285051afee02d10eccf857
42570,ac572606c1a7d8943791b1eb4e873b8b
42570,ac6a00bfa2b1c88fa05524fd487762ed
42570,ac6bd7152b8e1d490e848d957e16932b
42570,ac813874fb53a74d5b0a1de39817580f
42570,ac85f0aedbb794631f03fba228f539da
42570,ad2d33d0d1df556381fa2d889a02e439
42570,ad444ec862e854355ca2fa1fcf246813
42570,ad736930fabaacb34c5034379e0e5946
42570,ad9a735efa23f7859d8fa25037ceea18
42570,adaace0727a933c71f7c0ab048766ab2
42570,adc5bc44f7bc2e26e26a25e805c61a80
42570,add1a5f566394bc5fa08a02e8c2a81f3
42570,ade57b876ab5ed493fc7b55aabffd3fa
42570,ae4fde14311f504adce274f8d63e567f
42570,ae62de6dd4e91b9e38fb21636cf2559e
42570,aeb766f706de7b7e9ff3d9fd7ed4221c
42570,aed10f8713a590310dd8ff98ba7c340b
42570,aee0711cde2c566c919ed282a26c6bec
42570,af07dd588691eb576529058e881d97b5
42570,af08e9ad6cedb960e382112cb1835ca8
42570,afe0e271fefc1b41c97ccd742abd3c07
42570,b0aba94a0d31cd996e7af36716a4fc49
42570,b0f595c242ce7390d95b3599df833dff
42570,b0fe6ab117ac10520a86cc0d614015a6
42570,b10f47ee5fb4d2f979510e9646e07d43
42570,b14a05439f1e82c1fbd9139ea775c5d3
42570,b1e65889d7e15f9a2d9216e6472a89c5
42570,b2448a1dcb6aded9efde505e33c5b449
42570,b284db749fa08191d64618c3a3bdee56
42570,b28ef5acc46ca4e685953fb319e743ad
42570,b292aae6bc4fafd7757a2cf4999167e5
42570,b2b77009eded144f642076a90cc563ae
42570,b2f8765a22a6cc199accafd50a898e9e
42570,b2ff02ea4dcc6f50f3c59a29403b9721
42570,b31f906bb8060970a82b8b3c4a355e99
42570,b33bd19165cb5ed8cdb29b0c4ff058d3
42570,b3663b828c55504f137c7565ac1bff23
42570,b36ce4a733ecf7001b3400bcd9c6cec6
42570,b39f73546b2ef8ab3333f810207eda04
42570,b3b456b7f9284b118a40c71c3d43f71a
42570,b3badeed8a3f1450c6e6b994b922fc6a
42570,b437361fdf46a819cb4eb0542d34d1fa
42570,b476696d93670ce744b68611bd7a0c25
42570,b4f54a7459b93247d913f1bfd3081c2f
42570,b4ff53dc6b0bc8aea0d007f594db18f9
42570,b52fb752adcd78fe958ebc8b9a1ad146
42570,b57c6d330d2476b18e0f3198995b0aa5
42570,b5b77a8954f5e3c8466ee8fe6b116485
42570,b5fe32048b7f83052986d5438235010c
42570,b68f47bb300eec35d5886fd56347483c
42570,b6ac1a0df748d4ce910e5dba1df39751
42570,b7034920cefecf506781874da2293613
42570,b74504a64087475444c62ab0a21aaa4f
42570,b7b957a5b2bc5483a6aaf25175aa1f24
42570,b7c4206ea038891ba58699bb2209e51e
42570,b7ca6a1a3d88c294b6a2832d60daede4
42570,b7cb77ab5a0564e1acc9ad032b9b9f77
42570,b7d34218fa8bfcb2c9fbd8c6e0bf1433
42570,b7f8a096ff10475aecdf254f8c4cf544
42570,b7f92221145a11eb9b528e3e5ca65610
42570,b85d26ab552fe87b44ad23c1e02a3d74
42570,b8acd8d4adce1343aba0e0916043d6f3
42570,b8bdcbc40c17315512793bd71d918d90
42570,b99066f0a3d96a8a365606061b202e8b
42570,b9ada284a1d554397bdce3413e09c8d8
42570,b9e6676d51c84f1bf5b9b79390c71dc5
42570,ba1cd5aee96cfda6e3ecbceccb561c15
42570,ba43fc907e8ba435b5f3f8b27cf94c81
42570,ba48752c6c62c22efbf6537219d3a693
42570,ba69ee4b099df269661902190485d2e8
42570,ba8ed2dc127ad913668703e124ea523f
42570,bb059246bb17b61bccf1f219804862f2
42570,bb0d7a0c88233ec745ee7a9f2832e71a
42570,bb7a3447b8d100609254bf0c55d20ffc
42570,bb86ad32b6c7a80b4b181c2e3dffb52d
42570,bbd28e4a8555ea0b32f776b500d19e24
42570,bbe3651591729a3645d18b8d67c0ebc2
42570,bc3d24a07fefecc33a319fb791a38d44
42570,bc4291dc47406dfd84db97d2d837a6f6
42570,bcbe8f6daea83f4d0cc499f667827549
42570,bcc5420792c644fe8f9fa8ce7226f6ed
42570,bcc86498153c31f834e188e5d4dd1cfd
42570,bcfca48c3affff6ce9f944287d64122a
42570,bd295c13d9dccd0bfd620d2af103768a
42570,bd4807561fabad70a29ae7acd263b82b
42570,bd6116b8e17d7260cafec40ead964508
42570,bd9fffd084490d5825aeedd50b39fb3a
42570,bdbd94c6ae16b395c04dc23291de795a
42570,be30d001b4fa3e341b0f06a250368e1d
42570,be41ca2a83eb1a0520abc394392e518a
42570,be46d9d71c856011a41d5ade68071ea4
42570,be6cf4a4eff6a60929499e99fe9a7696
42570,bed7d4b8db2fcce7e52e15045cf17b92
42570,bee3379492f534ae12e98367f45577f9
42570,bf054331cd98aa6b9e0df00789fa1b25
42570,bf786d58b3d678a4ec06dffb8a425074
42570,bf82db50b050377aceed29d6fbde45fa
42570,bfdad80562cfea558db66395e0c3bc9e
42570,c0f005da4cdb1b64c54fbb953cc6b339
42570,c1374d32cef99af703307261fe96f031
42570,c16d0792ab54d9b06fd3411a5aebc6dd
42570,c194fb3da1fa1a9013d7b25f4951497d
42570,c1a5c92a171cf2a0269ec97793eda652
42570,c1c9218d3487f85f852f0c3ef5a676a0
42570,c20a20017e38d8e164ce74ddee9b1cfc
42570,c21a3cf2bfa78814104125a16cdf18c2
42570,c23cec82cf22be9cae382db46b52798d
42570,c257548d483cc5260662347891275cc5
42570,c2599d2636fd8714984fd10369077b82
42570,c2741d847cd943e0ba5c524e3fe94478
42570,c2749dd9ef821825a5a3394317c81a1b
42570,c28095ec67f6c09386949c1048685226
42570,c2865da0201a9303c8c45f163d35519f
42570,c2a7af6ed34a0fd6f18e764f15fcb639
42570,c2c2168041ca667798c4de1547efac75
42570,c2e5942272075096627278f122ab030a
42570,c383d385d0d026a7d66af9a99e6a90dc
42570,c3b1a27ff8c40fcf9e87eb5c4a862992
42570,c3bb2b21bab25768a2b498aeccdacdf8
42570,c3ee85394e6bb519d1308ad987227b0a
42570,c408ea3107e769601fd7456f800fb314
42570,c4152cacd630ad420ab3e3c0a0273314
42570,c4352ffcfe8860415cab65bf1a8c40ae
42570,c47d40edbff3bfde0f694b4048cc74eb
42570,c48e70a31c0b7777487bcecf6bc92513
42570,c4c2fd0c1f33c77b104119a69b6b7db6
42570,c4d600b36717f24f22ec93cdbc82f9d0
42570,c4dd0f93435f7f867b0780ed4f2d1c7e
42570,c4e7e72689b5365994fa09f61afeb797
42570,c5077678732769f4247b048ff194639b
42570,c535692270d92d7ca46b7c2f75ec6ab2
42570,c5383fe2521dc65997cfca7ffb0aa720
42570,c539780941dced87a9c2497591a929df
42570,c544f1ff8495aa4baf58879b8502692d
42570,c5526f0990680295d1ec81eb44ec173d
42570,c57c0254428433938bb056117d7685e2
42570,c57dca21de05a8b0fe7d834b2d40da38
42570,c592d613152c4e18fa3de87d6af9d91f
42570,c59ec4a99415bf82219dd4340138570d
42570,c5b043420bfddf93c9142c71c0b8edb5
42570,c5b8f889aae2ba6b19366d7f97ae1ff0
42570,c5dd475dfa0106d69a768af582e0dbaa
42570,c5de86c2c77bccf4457a786739612f24
42570,c64167b275f575ce0154b9b19e3ccf40
42570,c65762dd8f674dd24d30c4e6bf6d6529
42570,c6b5e2521fa7fc5bb3c4c2168fa46992
42570,c6f5e66b05b0bb72fc8b01521f7a48b7
42570,c75458c818b6530d085e002e7956b9e2
42570,c794e1c0820edc1bd57c59e885c9bacc
42570,c7b56b13bb1a846992d93602a1fd5dcc
42570,c7bd87248a37122d39df22b281ba4061
42570,c7bf88480f12536bcda6faf65e953be7
42570,c7dc783157a1c3db28c4e1d589f74348
42570,c8a95f8e486d970043d23f6d804ef205
42570,c8c5a1ea9080218fd3731700ad4a56f4
42570,c8dbcd7b658819bac5610bb018f29769
42570,c916f051067376ef79c09ad067987ed9
42570,c9385159a5b239d61a01b06c422fabe9
42570,c97d9a02cf6b8e25a6b12e7c392b0475
42570,c9f4fe9881d2b92783fb96d8cca6c500
42570,ca0b40b18e8a3c7074bc937760cf2fc6
42570,ca48f8f2d07a58b03b5ed2dbd098b3ab
42570,ca5baee146160e05c51dff1c84bf5279
42570,ca811c668297ae1c7f1787d46239db11
42570,caa1e26ea1a793abfc69b6977852cdca
42570,cab990e5073f1ac37733d45cd47bae79
42570,cacd207184922786a81fc29b880ba17b
42570,cb04e3f4f3f781dd1b65ba8ad7e2c809
42570,cb1fc00c0800ae92a73793c7d8e3e493
42570,cb5a21c2001401ce7f4ccf4cec2b5c1b
42570,cb7e86ca51bfebe6fa0d6ce3a1e9c9ff
42570,cba2de38b98f9e640474a9a709df7c64
42570,cbbff9b92f6b2d757df0574405660da6
42570,cbd68bc6824df5ab4e1fe027950c4f4b
42570,cc1c21b712c0cd3a7152ba1d6db35944
42570,cc28c8870b67bbf839e8c5e80b1465a9
42570,cc720d845b16d4c03854a1da81481e4b
42570,cc73b444d44c06dcefbc7a59d09b8286
42570,ccb8f896c40bd7cc40f7091bc2084d06
42570,ccfc7b8348b96f60d04adaa8bb52125b
42570,cd2dfebae683ce3c1dd1bc5bccf3a4c0
42570,cd661e658920f44663e31aed3de2518d
42570,cd75a5593d0d2344e8b093dc56a0fcf4
42570,cd7da4f28202ae9617e177e54e4f6ac1
42570,cda333f632399dcd31ebc6bad9eb4342
42570,ce113fedc1141641ac35332a7d50aa74
42570,ce4dd6095b5331b3fea8c0db95be2307
42570,cf35f4ac129655b697202c4c80f1e442
42570,cf46a1e45fd3a71ec99df20e63ef0749
42570,cf69516684974e1d9d4e88f6dc4fb1f8
42570,cf7fe524388b11324c4f65807caf676a
42570,cfb59b8aea4ab598d15b4ddac1695361
42570,d039174ce0a65838121a201a298252b5
42570,d068e0aad97a18fcfed80eeaf2919324
42570,d0a4c232bf42c438aa2f8a16647f5b8d
42570,d0c9142f29e7e50cbba45635adff1c6e
42570,d12f73fa88bab77e240cf501e8b84224
42570,d13b6b5d24612d21f0febdd80282989c
42570,d1412b55fa7d990d3acd3eeb7185ca2f
42570,d1506494a95888dbb08526aed6919471
42570,d1bddfce9786b7808834eb047f150234
42570,d1fe36714900234a1ce19e237597487c
42570,d280906128f43a8440f40e121d308ea1
42570,d29e6bfb7d9a2a89baa4e4185f02fecd
42570,d2aa2e7365540cc7798d9275fc4a569a
42570,d2c4754bd6851c0887dc756933563225
42570,d317e046192cd4bf0c5202b442136e43
42570,d33512209245311efe5ac4817aadfef8
42570,d367794cd58fd374ad3a00d853dd931e
42570,d368a87635417dc2ae1e42e177a0254a
42570,d3c2bdae645994f12ba068c88022c0b5
42570,d3c57c626a7d68a5d57f33bc80c0374c
42570,d3ce643c2b0d9fd97e1f077fc770c409
42570,d3d57c598a4c2a1eeead42c23353fb5f
42570,d42a0cf5e6a27a1ddd1e0849599a4841
42570,d42efc08ccde950cd3400135ba1a88b5
42570,d44e4e60ef7cc31600e7bf08ee8f3c26
42570,d46240d1175e866e5cc7622b33b83e46
42570,d4d722fadfd8d4f2aed40b35acaff6ea
42570,d4dd6567aa6f93ddc1590034c335dd0e
42570,d4f597fe2e683f9b4422093223b1220e
42570,d506c1e8b78e7d08dc317490657511bb
42570,d56357e160e025bd7a89c7e7c4886e90
42570,d5811eb8809bd2bfceb65107ab580244
42570,d614690aad17db443d5a6f10a5a08f4b
42570,d6239343dc010761062933960dfea006
42570,d6270cd18aca4cf991ce461ebffc2dfb
42570,d64a48605072605764d4cffd57a30dc3
42570,d65c70412ffe88f2ef7d7f843181c67f
42570,d6db972aa98436461e2d6efce33b9efa
42570,d70575344e54fd5c1b0d2fed7e392c23
42570,d727c1f317a8bc5f47caccc48b7a2713
42570,d73f26d72a83ac89ce116030567eb8d6
42570,d75f4b8d8485f37cba9d063559adf0f0
42570,d76893eba8f5efd107984c68f1ddd3fc
42570,d7a039446137ed317785f6bcefb09481
42570,d7dfa9df1e1026241f93380bf76b7c08
42570,d84659e9a71150e1c711a8c4e9896d7e
42570,d867d0317847d621631bca0c263d3906
42570,d8b7efa0d5ba8e97e5dd6921d8e92d37
42570,d8f1e18dbbe3586a7953f25e6aa48d69
42570,d91283b1fb6216d3cfcb05ef23fd9028
42570,d98ec575de568ce0e85107f0da7e5f9b
42570,d9a291c01907b6b1c8c03ddf479fc612
42570,d9fc8a652b9d1abfcae349f756c69e6c
42570,da21a412b3b2ecdc678818ecd79e0e53
42570,da5afcb66c308f0a5b66773dd0bdd60c
42570,da9de2e0323033a918795f9c569874d1
42570,da9e9b67f83e3b7586849f7c3fc47f73
42570,dac6a3d9862d9a53e8a07b84d64f79f6
42570,db0ab62c998ff3428160c5be89ddef0a
42570,db3a6693b34123a1b9d491abc3c91dec
42570,db8e6540747da7ace76f9f3647f90669
42570,dbaecdd6f93942aec2d96a7af9fc33c3
42570,dc3d99f06dc3b5aff11acdbb8b585d15
42570,dc9614e6985d30c360fb50f1c2d426c5
42570,dca45a73e7e04ca79b283a171c5630a7
42570,dd06f71c7157daf9169921602e832b29
42570,dd472020a8fb6aa94a61f04975d319df
42570,de0cccc0e541603c2ea549fb423ebe57
42570,de2b3602c1ff5424434bf1580022db25
42570,de3a431dc8643cb23259d2e5520d9530
42570,de59506dc0f9156a6dffdc56a2800527
42570,de72906f53073145e5000e9c0c3557ff
42570,de974f16c469d81f568bafe8c67286e6
42570,dec7e48716cdcb9415c61674fe17e5fa
42570,ded181263194b742e937a9bcb31116fa
42570,df2291c9376bbd4c1a77bffe577b1539
42570,df6720f2be97ee4c3b3905c3d795fee3
42570,dfbb9e37230448bf6c308b796fcedadc
42570,dfbcf8ef097373da13bfa52360d8dce7
42570,dfc8bd893c6325f223adc964b509633d
42570,dffa5ca23d876bc00ce58d7cc942ac76
42570,e018bf61e9ed063e0ccbd2419e2311e5
42570,e0384b2165451bc1629d38794662e922
42570,e088d4897c797b4c5ab415649c7f5801
42570,e0b6a6421c6ccc4d0476a27d8c978305
42570,e0ebaf89f4cca18acab205ef592a65bc
42570,e0ff2e600825531d41e6d342f8c7dc47
42570,e16519809477bb315cf574cd10ae1d06
42570,e1789b1ad7fd0df2719a38bd1e4a55e1
42570,e1def6b388eb53ad3f1884e8f67e8a77
42570,e1e08c44b45e189a7a9bfdb58db94bf6
42570,e1f690d497bd0849ac0b1df11c9bb07b
42570,e20e6c130fd6e6d8c6e224b4b50e8832
42570,e22e257704d68c21857af6cec993783f
42570,e24024d1388bab279b50b8513b7d7334
42570,e280b2fae060b44ed51e718c5e610732
42570,e2882b968039356840637a17ee2ee0df
42570,e2c4f3471542c5edb1c38d0e139bf340
42570,e31364ec540f06f674bab3f122034667
42570,e37d22741b657935fd1ca231da7fd151
42570,e39f1b42cc021034ce97c6e7392c7fc0
42570,e3a164e99f05f8f44bdaf9aa64654827
42570,e3b7eea13aa267b1fbd2717f19eb3906
42570,e450261fcda1221ac8ce467a56985c54
42570,e4583823e322c093c29a94955db3ef19
42570,e460eeda91e56e2d415162fec2d03301
42570,e467e4e55c4e0e04cbe09a5de9ddd06f
42570,e46e30cf97e365a4245076e3019c987f
42570,e48e32fa10b606d8311f0062d68996bf
42570,e4b462730bd059fa61c6de3a442e34f2
42570,e4bc7320abedd94fda58fce33f1acc13
42570,e556ece9bff2d7029f5412d75aa0c4fb
42570,e58b588f467f844d5f6e624adfab8049
42570,e59e5299a96aab229a60ecf393b172d0
42570,e5a44a2a1b69bef532d0b9773cd41320
42570,e61526af6c80934dfd3a7c443e6ef386
42570,e684a51f960720d85b8ca5d8c73fc4b2
42570,e6d370325cc187f5c438e32171cf7525
42570,e6e64525bf58c12bd07448b37ffde54a
42570,e6f7a85d65ad35bda6bb5f85c4bdb85b
42570,e74a1237716c8f743f80ab3559028e14
42570,e7ae2d75b1631e15ccd967dd6c0c24ed
42570,e7ae9e21dca664ba538043a98d383eeb
42570,e7b8f13bdabe9263a18a19c1f5d44886
42570,e7d1efe217c1f7bcaed1f309cd6ea9d8
42570,e7dcef000a3907ee9df9f57d9d726bec
42570,e8097a9e871949869c3b9968065a38fb
42570,e8271e9ccb1b61c7e38e76486fd7557b
42570,e8344453ac226904110bbf079fa6e84e
42570,e8588a857152e1339cd5b79c0ee5506b
42570,e893539f29cc1f36421236a1f6aaca91
42570,e893ec8f8d790c1887abc02de7dafade
42570,e8ad667d7282850cf8b8a44063953c6e
42570,e8b534a753c9a9484c45e3f18c3c9d95
42570,e8d1040f192a088acbd485865f92cd2a
42570,e902447730cf32f80cf8ee95879352a0
42570,e902b88356fd3307d7f81ec396db2b2d
42570,e90a4debc8aab4e2f4c31e92f38ad900
42570,e92657bc8d9a0eeea6ae6ffa960eded0
42570,e9572ceb7ccc3b6f64b7a7adf08ecd1b
42570,e9bf9212a817d820ba8233005554a89f
42570,ea938922f85edf99b141ca62c770a0ec
42570,eb1191671859131c55d89c29e0184b78
42570,eb3034f6165d6dd5531949e61408eb1c
42570,eb36ae3d1b30aa40dc0fb0cf8466cdf6
42570,eb3f80b9acb7bd19fbfc813c8a1f5d06
42570,eb56a1ee78d8217b7fa7e782dc0f4217
42570,eb57367f31b010bb0c799dbac1a13608
42570,ebb2e905d64ac39791ba56b1488ea98a
42570,ebfc945be6455ae88d09921872675068
42570,ebfcaec67a8eb5fd0cd7ed093810e630
42570,ec000dedd47875717655e6839f274f15
42570,ec13fb0e0d6b41f57015d539323267cd
42570,ec2308778a8bc4a0a4dfdff68f939bd6
42570,ec46ade8b5aa5c8fcad388dfbae1411d
42570,ec4c05a0c8a484bce4c8bb568ece5920
42570,ecb20579d6ab144295630f3a2e787a2e
42570,ecd04bec6645a1381a3b735fdb8ec5a2
42570,ece52f834df3c0a562f39873bd4fcdd5
42570,ecfdd0940f53668cd79e06e376800b66
42570,ed0d632accf08a13c2ff1f522bf7015a
42570,edb0a655e4f443f47744e9c491d87a04
42570,edc8fd7c21c0ac7e20d79283b3a4cdec
42570,ee4221d0fb50d326fd909bd8463bce90
42570,ee477b9671df7b460de5a3afcd051e62
42570,ee787946a652b8c914d6bea83671b788
42570,eee966329986ac7e1866a96d2931e01e
42570,eefa90db158d609f892f84403f5376d9
42570,ef538c67fd52ee070b2f4f5582e6c7ec
42570,efd5c451800d4f4552753dbc069f7cf7
42570,efedbc02d3a8c5fae11501772fa2b145
42570,f074734540e8ef71252dd7c509ddace3
42570,f0f85c777a32498804907275d854fd69
42570,f1042f7e3fb9cea99bc2d90c03747ddf
42570,f146af3bb5d2be78635ce6506ac17713
42570,f14ace1e42e6b753432f379fc6946996
42570,f175c9d5e5d8eacb899c91b3115cd9ed
42570,f18770bcb3cd4a031ac855b5ff6f7af8
42570,f1932ecdab0fbd941382942e53c5bba3
42570,f1b968bd98fef3022d86af55a7f8fe47
42570,f249020522d40123afdb347e66098525
42570,f323bd22a5a0de6499b064f10c4d1718
42570,f32563f1905e12e1feb80ac3728505bf
42570,f3295c7123111d174deb445c447eea0e
42570,f349b7717cafe2f281820aea76e7b238
42570,f39ed499e0aa82f0d02532416759b580
42570,f3c7843291729e004a48655e72ec5971
42570,f40d03a783e6db83e07436518278ce34
42570,f44c8bc7d218a0ebae0457863c9665bd
42570,f45af8839f34ada09728afc357d0b903
42570,f46d0bf0cd475152dd030ddb6a47fa22
42570,f47e87983c154a06e1941c4f92ecb8ec
42570,f4b4b8c203c002994a952ce3c80bbe87
42570,f4c0434f37dc13706c56a9c3e79e5db0
42570,f5180302bbae2ebba0d14d2c409130bf
42570,f51b376deba080eaa200f133d5140269
42570,f52ce461b87b9f1e409c5b49ab4b5b54
42570,f5897bfa8088050d80d6ac38307007a8
42570,f58e2bda42ef4f30fe113da7dad1724f
42570,f5b0fc85baa598631fee083855c19647
42570,f5c30e81e7da2b37fe3e76f474c4eb08
42570,f629997776a9ed71d203045bb8b6b7c3
42570,f6813214c7aef4183643582bcce305d9
42570,f6864344f1325df68676aea5692b819f
42570,f6e111c5206a99378aa934d50a4c2ca0
42570,f76f3677825302853bb76368a2b52582
42570,f83112641842ad548f9837db22ffe155
42570,f84b9bbdd4f1b1d3369b5b700786f62a
42570,f86253b7eb38f801e3045360ae08987d
42570,f88956f458d7f3b3ffb8f2ec6cd2115b
42570,f88f702c72aeebc6674415abd599222d
42570,f8c52c47e1de869218276c94b923a755
42570,f8e65da7f632b19ef1f74fd846ff56ed
42570,f94f42bdffe8e4a6fb18353513b9ad81
42570,f9717e84617ca0b3e44c106281a8b324
42570,f9db7526ab74b646957a61596635695f
42570,fa0b7fa45a51de805f8b3d7a2d285c55
42570,fa0bc93d391d86df3f24155df14d8d4a
42570,fa38cb467359dce9ecbe03eaf22d8eca
42570,fa8dc307d6fa1c3ba77015cc630786ca
42570,fb1c007c091f3dc3771350f5ab4c698a
42570,fb4f0518e8facb37d39c1b176b888f55
42570,fb5cb7c2aaa2af68b775054c097bca0b
42570,fb9be497ea57ae7ec418b53d842aa908
42570,fb9d71a2d06e03703db3263821f005a7
42570,fbc9b5451206ff70a0214e7b3aa7bd3d
42570,fbedccf19116892b2f452ffd8cf85fe0
42570,fc4fd95254409828bc616001b4856798
42570,fc6e30552ffbab9170c0e2103f0245b4
42570,fca373488027a9615055c9a54b6703bf
42570,fd31139ad5ed2597b00be1de3d46bbd1
42570,fd3e300040dfd06b5f7b86ac67cd6855
42570,fdbb556740a36f76c2a3232239e57acf
42570,fe2bf762a6894e871661f8ff72ccddc8
42570,fe53c27a6134f6fb6b61a501086e4d04
42570,fe6b3cdba8de1e2252af1c06800c7511
42570,fe929e7d26918a1d0629df98d7207974
42570,fee9b3116cf5cee4d1a7e886a5e3f379
42570,ff10156b7358d74f0c6ba85ba3e983d5
42570,ff47a53055f83767c1b7e8d0768582a0
42570,ff4cb0361812d996b53df7f0fa4a3edb
42570,ffa84bdc1de7c04a750869cc5ab0df21
42570,ffcb22a79e619d25cefd1524bd9e5435
42570,ffe9620df75fbb52a1325aedc8ea634b
