09bf533d35c7892df986055639f8e68a,30,1555
e7ae9e21dca664ba538043a98d383eeb,11,12
031735b4483597cadb499a07d28a6faf,21,32
fa0b7fa45a51de805f8b3d7a2d285c55,17,26
9ae0f131c91eae1d99c36c17084326ee,13,21
7d818e2194cebf6331f911482748bbe3,5,6
07f66a13089a3baca2bdd6e9cce06a35,2,3
65d7d2b05440570426a5c494c9a09317,1,1
3d7f17021bba8b294abcc1609f1b2cb4,20,30
081919e2a7818b2849cb1c09651e9f61,19,39
00e2990c8b48ae19244d9b2f228bc15c,17,27
6b543e8efff50c35f25f1abc896fff17,10,13
adaace0727a933c71f7c0ab048766ab2,5,8
03891526791d9644e0da26d8e173bb05,2,2
0729d83f3593f76f8d9ec33fccdbca98,1,1
4a3f0a7d6a8ab4a734dc212c93722efe,14,16
ccfc7b8348b96f60d04adaa8bb52125b,14,21
8f29a577a6b2dd99b9cfdf17fce20fdd,8,9
e7b8f13bdabe9263a18a19c1f5d44886,7,7
c4152cacd630ad420ab3e3c0a0273314,8,10
32afc9cd85e4a27a75a2d8e2c7904201,9,9
51df18f20ea99440e053e1b79984a917,4,4
c2741d847cd943e0ba5c524e3fe94478,2,2
e58b588f467f844d5f6e624adfab8049,4,4
5fe1180a5a62ff3b48bd8042e164fc6a,5,7
9fb4b1c9afac29fd06d47e6b0e889497,3,4
a16b15231952add042b178b03bb5ae28,5,5
6d333dfb95fc9726b35dab93468dad4c,6,7
b2448a1dcb6aded9efde505e33c5b449,6,6
f6e111c5206a99378aa934d50a4c2ca0,2,2
7e78ab22e8f1b96768605f97e2efe512,2,2
c5526f0990680295d1ec81eb44ec173d,3,5
a07a9ec078bf515bd16264a8a26d63c2,3,3
1ad6185f44e62b9c826c75850a8a11cf,4,5
d6239343dc010761062933960dfea006,4,4
2ad9c888898dd119c6b7e23c4901a652,3,3
9d2b235317e58aba20da23efcd1a406d,8,9
cd75a5593d0d2344e8b093dc56a0fcf4,3,3
c28095ec67f6c09386949c1048685226,4,4
a70fc0688588a852bc1e9fed572f1604,5,5
3caedf24a97fc580205b9102faaac77a,4,4
be30d001b4fa3e341b0f06a250368e1d,6,7
f5180302bbae2ebba0d14d2c409130bf,4,4
73312a59c82f5779a5abf373770f73db,4,5
fb9be497ea57ae7ec418b53d842aa908,5,5
15b8a5559fed540bab7d8aaf963ee339,3,3
c97d9a02cf6b8e25a6b12e7c392b0475,7,7
d9fc8a652b9d1abfcae349f756c69e6c,1,1
64b1eb08cc95d2a907bd3c453f03d170,2,2
bed7d4b8db2fcce7e52e15045cf17b92,6,7
306c9270b18dddfc4de2de0d81a9c153,2,2
6dabc725fa1315f783a7bcdaa1a8b14c,3,4
8cd0bd7d6b97df504d690bd6d39f59b5,1,1
48165646931a5373cdd24313af666de1,3,4
6000c049dca0e50326c95e2968efc7ce,5,5
43c599be4551c25569041984e7ec6a2a,7,8
94771c549b52251ea0bfde641847d0c8,2,3
3828a52eacf767a4793fc184e2dffb0a,2,3
c794e1c0820edc1bd57c59e885c9bacc,5,5
ded181263194b742e937a9bcb31116fa,2,2
b7d34218fa8bfcb2c9fbd8c6e0bf1433,4,4
348fe64748aa17d54c658f1a4a021dfd,4,4
bbd28e4a8555ea0b32f776b500d19e24,5,6
4ef8f890a7b68f22838b31d112a176f1,5,5
d44e4e60ef7cc31600e7bf08ee8f3c26,4,5
f39ed499e0aa82f0d02532416759b580,4,4
a4435817a3541da1c694e3decf473404,2,2
dec7e48716cdcb9415c61674fe17e5fa,6,6
73403341a374a8e3d6369dec211db1db,6,6
7dd3c9013f7f91f22718b96aec0b99cc,5,6
0ddf2f9c661ae71c88432e348ad334fd,5,5
aee0711cde2c566c919ed282a26c6bec,3,3
88eb62624761fc730f74f73ca131e92f,5,6
784aee22dd3f9b7ff182d5c925bc2d88,5,5
fe929e7d26918a1d0629df98d7207974,3,3
9dbc7c8c665645fc17e92172438a8fff,4,4
1cb416c6d4a0933b052785cc41756f50,3,3
0952f1942ea0026bbcaf91f458158bb4,5,6
bf82db50b050377aceed29d6fbde45fa,6,6
031772208239557839762cddc088154a,3,3
135a6af3f8675a7829e687a477fb5261,3,3
d91283b1fb6216d3cfcb05ef23fd9028,3,3
3e8eb74fd4fc785f75e2dd2c85042928,1,2
45f8ed0047b381ff28897bb42cb92e63,6,6
b7cb77ab5a0564e1acc9ad032b9b9f77,1,1
de0cccc0e541603c2ea549fb423ebe57,2,2
52ac138428c909a576031a97c28be820,4,5
7cbe1140fb40456ef67e560cfa8c0bb3,7,7
ca811c668297ae1c7f1787d46239db11,4,4
905632798a0e367d13184004c070d10a,5,5
ee787946a652b8c914d6bea83671b788,6,6
2bdbde4ab084895c3464b22228d2edbd,4,4
97dac273e8141157427d635f2d28d35a,3,4
38267367d27f2ac8382f0ed0f0de4abc,3,3
cf46a1e45fd3a71ec99df20e63ef0749,3,3
9742a82a0d419f38d9db6d50c96a61eb,3,4
2aacf5834c4dbd0feeb24274437fd5c2,1,1
6eea4593b9739ed011b137f4fb45d11c,3,3
fa8dc307d6fa1c3ba77015cc630786ca,7,10
cfb59b8aea4ab598d15b4ddac1695361,3,3
c7bf88480f12536bcda6faf65e953be7,4,5
f46d0bf0cd475152dd030ddb6a47fa22,4,4
f45af8839f34ada09728afc357d0b903,8,8
416e80a715a047aec8735752225b4702,1,1
c21a3cf2bfa78814104125a16cdf18c2,1,1
da21a412b3b2ecdc678818ecd79e0e53,6,7
74993af8af68e8e7790f3f62e4f939d7,4,5
3d12e55f53b211cfd2e5289ffc4786a9,2,2
dffa5ca23d876bc00ce58d7cc942ac76,6,7
341b50b56c874f50e9ae700736df0258,4,4
ab676fffa77b0dfb53b327d54fca6c61,3,3
366585e0c517a1607dc8cc88671a219e,6,7
c408ea3107e769601fd7456f800fb314,6,7
3cb8611bb73e6e9bee7117a91e1e934a,5,5
bdbd94c6ae16b395c04dc23291de795a,6,6
7ae36bcdc2cc3a55ea0c74a4b3eff42c,3,5
6163ba4d8b733208f1a02b2a9d27120a,5,5
2e48b730123c360c65abde35d4f5ac95,5,5
8974a8a99f95e84b9ad268824ac1fb5c,4,4
5a8e042e587538d7ab34fc18eb9f5110,2,2
9db5b4b78a3f67a68afab29ffd16777c,6,6
16f170aba82fdc165c2e9b4a1b0a601f,3,3
3f83810acd46f6e7e426d4d810baff29,4,4
47be3854851d7bb8dc86b06692b4c334,7,7
1699c95566550ab752eab4ee75c02bb5,3,3
87f5b2385dbc31a4ff7689c784567a5d,5,6
39801b358d3c4564846c4082cf38a17b,8,8
a9cfb7ce496d882b182551182c5a674f,5,6
e46e30cf97e365a4245076e3019c987f,2,2
bb86ad32b6c7a80b4b181c2e3dffb52d,5,5
1d838e1bb18a1fe7c5074e2398123d8c,4,5
9d973e0b03ea1796baddaa4559c28cc1,6,6
9e85d2822aeeccc0b58ae46a7622c5f9,1,1
e893539f29cc1f36421236a1f6aaca91,3,3
082fe4cb1e0a24d2bd12958ec19e00b3,8,8
da9e9b67f83e3b7586849f7c3fc47f73,3,3
3f66db4662122783d9199a1f91f322d8,4,5
61c7aaa4ea78196101829bc5cd25b6b2,3,3
2209946e0e6783c442a5af243448a4b9,3,3
725c73d2e4da4a30322f44dfbc17d433,4,4
7b005bc50cbdab310e2d5d3df5e9f90e,1,1
cd661e658920f44663e31aed3de2518d,3,3
672c965b223ffd7573a99aa753b6dc7a,6,6
8907a2f66b3b28954038fadf2b0c90bf,4,4
d368a87635417dc2ae1e42e177a0254a,5,6
11be5ce7d6e86ee07bdddaea6acd6343,5,5
fb4f0518e8facb37d39c1b176b888f55,4,5
7eb9f4c4140fb72e23f7c49ea72f3f58,4,5
860263a084e87aaf04dd05e382aa7ac2,4,4
c383d385d0d026a7d66af9a99e6a90dc,7,7
27bb566eccf50fec6c42351ca1dbf71a,4,4
9c05a3fafa1ef71b2912af983105136e,8,9
efd5c451800d4f4552753dbc069f7cf7,2,2
4ffbb5c0d04cb4a1a5997e6fdbe933d9,3,3
315be7b10b063dc24547868e92d767d5,5,5
65076dfc9ec23f1cdaf928fe6af8fd26,1,1
c5383fe2521dc65997cfca7ffb0aa720,7,8
2be17d3e0da4ca65f9798d74b3648971,2,2
dd472020a8fb6aa94a61f04975d319df,4,4
e4b462730bd059fa61c6de3a442e34f2,3,4
980fdb76f5a70aea89e913745354321e,5,6
74288430c61882d2a92a12eefd625e2f,3,4
d1bddfce9786b7808834eb047f150234,5,6
22d0ed578e9c5c181d4b03bfa02b34cc,6,6
336eb99da416ff08d9b261e6a49225a4,3,4
c5de86c2c77bccf4457a786739612f24,6,6
3562fb2ef60598849ec36eff5cfc5976,3,3
e2882b968039356840637a17ee2ee0df,4,4
23a75b8521f2891129a15b009bea3f03,6,6
4fca5be967186c519ede30c1d9e9ca31,4,4
a8f24fb98fe73eea7206b3e19de6ab37,1,1
795f7acfcc903206866f7629e58263f7,2,3
83d969f0562a9ca1cea73ef39b645ae5,3,3
d2aa2e7365540cc7798d9275fc4a569a,1,1
984425290413bc67c26d87c854d90da0,4,5
ade57b876ab5ed493fc7b55aabffd3fa,5,5
86707fb0caff69a99a0b8db430b4ad62,4,6
8a9bd881503e0063c4c4c19fb93fe68c,6,6
77d7a5d84b880deac59333e30599477f,4,4
2367edc4e949ac852e64cb0ae35bee83,4,4
ce113fedc1141641ac35332a7d50aa74,2,2
fee9b3116cf5cee4d1a7e886a5e3f379,4,4
5c1fcc04f12627184631b17e245074e8,3,3
d70575344e54fd5c1b0d2fed7e392c23,5,7
aa1402e7340ab97b556515b1dab25fbf,5,6
89d799374cf8da344059e3f73701c0f1,5,5
254f51e0abd356676b8f1c103cfc92e7,6,6
090edda6be8614b0ce9ae1aaa4082be6,1,1
4db509cc5317204b363c2efddb51fcea,2,2
0af635dbf1af4db6a329102d589c6728,2,2
9c29db43d883d16e357dac6266ce70a8,5,5
4824f34a6a74f67b5aaf4d6e6e62b32e,5,5
f83112641842ad548f9837db22ffe155,6,6
aeb766f706de7b7e9ff3d9fd7ed4221c,7,9
82dbfe990fb409bb9e22484e59dc73c9,2,2
112667ebcfd775827e343aef1d6d412c,4,4
68f949b8e285bdb67f245914a12a6f52,6,6
33fd88e4758559d303743d6b57784d43,7,8
ba1cd5aee96cfda6e3ecbceccb561c15,4,4
a2820ad4c6c8c3ebc10423bc66d39f6e,4,5
ffa84bdc1de7c04a750869cc5ab0df21,4,4
73ef97eb499210ca00c0071b36003b97,3,3
96fb0d4843ad8f1e44e80c0881e4b1ac,2,2
b2b77009eded144f642076a90cc563ae,3,4
44243ce20cbf0f05e241ae2725912bee,3,3
49a5b4792c27207c186d61ce982c652b,4,4
70df7b05cb2b677b898b7da07bd67ed9,5,6
57fd6613999cc343fb5e3168770fe0df,4,4
2a4c66188de0b9b898b145a013c2ec07,2,2
2eb49da4d85907e02d163b2eb5018524,4,5
50eba42d07d038907e3d61efd4e0cbb9,5,5
264505181241f5f7dc9c02045bd93984,4,4
363f7afb1263a795448e8366c84b81da,1,1
580041bcad6b4f99f656318285ce33ea,2,2
e0ff2e600825531d41e6d342f8c7dc47,2,2
cbd68bc6824df5ab4e1fe027950c4f4b,3,3
7ffb3c623196ceac0ef5bbd36658be7e,2,3
13b2669d18ef6f3f29ec1233421ad1a3,4,4
5fba047dcae9aa753543279138918274,4,5
b99066f0a3d96a8a365606061b202e8b,3,3
8c9af9618286fca11f237da1db9e46d2,5,6
e902447730cf32f80cf8ee95879352a0,6,7
05329093ed7aa52deeb498726bd9e386,3,3
ba8ed2dc127ad913668703e124ea523f,3,4
bcc5420792c644fe8f9fa8ce7226f6ed,4,4
b9e6676d51c84f1bf5b9b79390c71dc5,5,5
edc8fd7c21c0ac7e20d79283b3a4cdec,6,6
d7dfa9df1e1026241f93380bf76b7c08,4,5
3f958ac1221fb6ba5c3b0b98c13090c6,5,6
b74504a64087475444c62ab0a21aaa4f,5,6
25a673f0b5e26cf7027fbf93b0fc5918,3,4
c2a7af6ed34a0fd6f18e764f15fcb639,5,5
75ab30fedd5592ae9ab7805f8b2c5d3e,4,4
b10f47ee5fb4d2f979510e9646e07d43,2,2
f629997776a9ed71d203045bb8b6b7c3,6,6
73d22de9d4e0ce9bb5d5d8e2ed6b0317,2,2
55f911e516cbcb92816501c6908a26dc,1,1
ee477b9671df7b460de5a3afcd051e62,4,4
8870508797e5b5a2372731b366c75bb0,7,8
09250df93ffcb2478e9149c87c2bcd2c,4,4
c47d40edbff3bfde0f694b4048cc74eb,6,6
c2865da0201a9303c8c45f163d35519f,4,5
9fe56290499992d868ff87583af9a547,3,3
e450261fcda1221ac8ce467a56985c54,2,2
2eb5d2f3bdf96b58393104d49c122706,3,3
af07dd588691eb576529058e881d97b5,3,3
05f5ccd9c0bafe4aad1ae42ec12b6b1b,4,4
37fc0f174171e9cb6ac1d3ef415d668d,3,3
629d140a0f8830964c5362c69e68a546,2,2
4afa74adbd5391a9073122af3532cd11,6,7
35b9939100b6dd0883eb6b8cccbe117a,2,2
61c8b968af6180bee75791d8daad2002,4,4
707abe4ac1bd059604f9fb5719f80094,1,1
3fd0b80216fab508bde17da373c8736a,2,2
59d1351b763334ac959458b406674c80,4,5
4743afebcf7525ca883553897d9d293f,5,5
b0f595c242ce7390d95b3599df833dff,5,5
902f73bfedcd4cf58b35171f0f3b26bc,4,4
ecd04bec6645a1381a3b735fdb8ec5a2,2,2
976014602ed046ea521f19248c401d00,5,5
519e56c27eb40bf0c91adf6262a6d15f,8,9
fa38cb467359dce9ecbe03eaf22d8eca,3,3
26653b69aed19a4b8b927e33255716ef,1,1
57fe3ba8ec8b317cda61a818be9d0035,5,5
24c35bf8b7cb6b8b853d2b8f7e1e04f1,2,2
bb7a3447b8d100609254bf0c55d20ffc,5,6
57e14a641600fd871be2392f1395f1c8,3,3
7f4cc56f9d47e16309068d0ec9ee3a88,3,3
bc4291dc47406dfd84db97d2d837a6f6,2,2
639c8215e4b2a0fa94fbd26d450442c2,2,4
e088d4897c797b4c5ab415649c7f5801,1,1
a4c7215498619f5bd0d9b6b0d5ba3324,3,3
2f077a14bd0f44a635958d7546cf9732,2,2
0213ada34ffb5664fe9beba0690e67fc,1,1
58d86eb2460005251a6fb29afeb4c60b,4,5
cda333f632399dcd31ebc6bad9eb4342,3,3
488007edb1f583f5d7afb3ccea6619d7,4,4
52ec642c6b103baa373b7e107bc65eb1,5,5
f8c52c47e1de869218276c94b923a755,2,2
8042dc1c7c83fc4f486c01d7db7e623b,2,2
d98ec575de568ce0e85107f0da7e5f9b,4,4
4bb0856febc7d1192668baf6be5f7b16,5,5
f0f85c777a32498804907275d854fd69,4,4
7dfdce61a7f06980c3c133991c5c77e1,5,5
9d90d0f2c1511f925747c486a185ae79,2,3
a175fd7e968c1bcdd38260ab615aa535,5,7
f47e87983c154a06e1941c4f92ecb8ec,7,7
581f7765a16362d56509b39247fb83da,3,3
fd31139ad5ed2597b00be1de3d46bbd1,5,5
31fc6e2e05fbfb3dc5243cab4c173bd4,1,1
29bd4844285554e8413107edf06b57e1,5,7
d33512209245311efe5ac4817aadfef8,6,6
d867d0317847d621631bca0c263d3906,3,3
6080ebe0e2f77e749e8e2c0842cf0558,6,6
a5959e7e7d92fce0fa04b988a31e7e99,1,1
3cfe8ce79d9977d7f12e46a9c33a3e00,3,3
7988ac343429f727a0dfbd179146abf4,4,4
40c0782c5fdbb62cea88eaee1007bd6f,1,1
4928ab78832d36555cd235f589f8c063,3,3
08074ed090b8165d9d9842ba753f8a80,3,3
9d75f2130943a5a1b52369f9a1b44aa7,3,3
19b74e4eb321b514a30df1b62a779229,3,3
b0fe6ab117ac10520a86cc0d614015a6,3,3
2d8740dbfe1e654026ce7f6370033649,1,1
91cf107053343f6bcc5de58f03ddf5b0,1,1
3319376a6b98bb9cc3f5fcddf735611e,1,1
389e3eb9e453bb656ea41a15236958c6,4,5
572d9e84e1f58148b131e0e4ac73a71a,4,4
4f3136afc3a29c24e32299685b55c24d,4,4
e1e08c44b45e189a7a9bfdb58db94bf6,1,1
63f91a131b1719e0db3fb8c084e98d62,2,2
38fe4e00f0c60382a4d078aa7cef63a6,1,1
c64167b275f575ce0154b9b19e3ccf40,5,5
ad444ec862e854355ca2fa1fcf246813,4,4
7190d4a24ec7230905a498b98d350ee0,4,4
9b6ee475e13244110869e5a70f933f65,4,5
27e058610bed7124310d97145311ffcd,1,1
6516909c37c318afb7b20545cd051b6e,1,2
98e6bec19a2f026afcdae0ee9d4d0860,1,1
9e5c921176c56747c2cea421af53e576,4,4
1a3cc64d521e8497d1a3fa6059345989,2,2
737e8398b04fbbef4903e00827c67bc2,3,3
bcfca48c3affff6ce9f944287d64122a,3,3
d6270cd18aca4cf991ce461ebffc2dfb,2,2
43bc36e1f6d7a7538e28b011bbf70213,1,1
6a843f40afdffe92ce8042c79ff2d54e,1,1
5eeade0f035fbc612d13e818ffcf43b2,2,2
45377a383119b60cb9c636dcb5a9be73,1,1
104e15a5f20343817beb607432400089,1,1
70ed3d7c23d394a3bd9f6f0364a5c60b,2,2
2d9454cf1f91cb23a87204f6dc461c16,2,2
5aba1a98bf7973b114baaa39f8821473,1,1
811556ed2e45ad08bff51d5e18b161b1,2,2
3be9cf3a74237fdc5b1ef2b31580b3c9,2,2
f58e2bda42ef4f30fe113da7dad1724f,1,1
111d6046effcd8e0a7bff5b1f8853eac,1,1
d4f597fe2e683f9b4422093223b1220e,1,1
9444f230d2bdf58ce19bdb96c719fb52,1,1
25fdef33346b4add7d05f1758b58d357,1,1
27d0672d07a0fcf65b6bbce9ab07fa30,1,1
0bc9b313ac8d2e20127b13649ab2ad5e,1,1
dfbb9e37230448bf6c308b796fcedadc,1,1
9f53ad1ee134275ebeaa6db174fd1889,15,19
fbc9b5451206ff70a0214e7b3aa7bd3d,20,26
1f8b8a470628db670ea67a30514a8e26,18,29
001f6d1023d8d521f113817d245e8395,15,20
0a6bc4660580b7bae0e35e7aecf62eaa,2,3
55b9302f65a9c0d9de6673a66497fb07,1,1
e92657bc8d9a0eeea6ae6ffa960eded0,16,25
a7f1a2b737a16745042fe45417edc581,20,31
83f91c772120bc791ef1375344d7a489,6,8
b2ff02ea4dcc6f50f3c59a29403b9721,16,18
6542ee4a3c00601b0f8b34f9a2cd237a,14,15
a668fecc18e86eaf39185526beceb015,5,6
916e90278f4fabe7b8a24c1476af96e6,2,2
a2d2a8ff2a1e21008aadc554d00a9503,5,5
dac6a3d9862d9a53e8a07b84d64f79f6,4,6
9050bfb3da6caffc0b80c3ac43960535,2,2
559329f0c431c31e760a0f84f122afff,4,4
cc73b444d44c06dcefbc7a59d09b8286,2,2
eee966329986ac7e1866a96d2931e01e,7,7
c6b5e2521fa7fc5bb3c4c2168fa46992,2,2
7d1d1628d8f80bf8eb98fd97ea6b4b27,5,7
e4bc7320abedd94fda58fce33f1acc13,6,6
76c0c544dbc4f2e3861c575c86da740d,4,4
e7ae2d75b1631e15ccd967dd6c0c24ed,5,6
c7b56b13bb1a846992d93602a1fd5dcc,4,4
191aa5620ce28ea4b100e004498af06b,5,5
65c561e9645bd0e049357cf7c86e76c9,5,6
90d02cba2ce20cdfd02db2db20a20528,6,7
6ab52d27d8bcd7919317b3bb15cfffdd,4,4
f249020522d40123afdb347e66098525,5,5
35c340967cfff6c634a0217d1b97d458,4,5
0060d6c7e027c7e1b205574d0988bd3a,3,3
ba48752c6c62c22efbf6537219d3a693,5,5
0b7d2528028737a7679960979d71d698,5,5
e48e32fa10b606d8311f0062d68996bf,5,5
1365e1c2b483507854b777e3de0d2b90,4,4
4d3fa061d51302050abf40db17fc86f1,4,4
d42efc08ccde950cd3400135ba1a88b5,6,6
a2de2edd634aafd4234610077815080a,6,6
a410d365eb96e18999a2ab18d3633f4a,5,5
b5b77a8954f5e3c8466ee8fe6b116485,5,5
9397556f91bf908751da111b1ac79995,3,4
7a286bff44ddda73a642b8dbe994e3d8,5,5
51308a7449341af1068fe460b4f914a3,6,6
157d69d977bc1283ee3657d3a58ba787,8,9
9831613db43455e48244f143165c2c81,4,4
106b21949075021ee3e9d219b73808d0,3,3
11dbf5fddd39d5b6fb48d2a9df9ee791,6,7
57e092f41c4e8379c9bdbffeb1ae2eb4,4,4
d75f4b8d8485f37cba9d063559adf0f0,2,2
e5a44a2a1b69bef532d0b9773cd41320,6,6
bf054331cd98aa6b9e0df00789fa1b25,7,7
09eead200295c8459b469d2bed73ac1d,1,1
ec4c05a0c8a484bce4c8bb568ece5920,3,3
662b43359b6298e83c1581db8304f35a,4,4
9d11abbc71801cfab6d7926fe15ddb1f,3,4
a23dd726fca2d8080ff8552ed19c2482,1,1
78b10dd539a15fa21a629b8522a3b5e3,6,6
aa0c841cd3178d51ecfcfe7b8582d13c,6,6
449d887632a577bb5d642c213a8029ca,6,6
45071dcd807d1db79f2a118c00be929e,2,2
3f1a06c2912f77194f511904152aedb3,4,5
13b2e33738ae46f34f5e340e63c01ccb,2,2
5a29eb20a47b6acb5b589b52922cd677,2,2
87a962e34edc0649f95244036d246c96,2,2
47f2b2ac6490da554f6179880eeb6b69,3,4
ca48f8f2d07a58b03b5ed2dbd098b3ab,4,4
3796bb8ccb0f971e6e835b977a796e22,6,6
74dda169e798e5654a3b37ddddf05afb,4,5
c1c9218d3487f85f852f0c3ef5a676a0,6,8
74e44e45aebacde68973308547235271,4,4
8756bb0bf0653a181818cc96c3af6529,6,6
b57c6d330d2476b18e0f3198995b0aa5,6,6
e6e64525bf58c12bd07448b37ffde54a,4,4
6819c243480891a5a2d0678007765e18,2,4
e31364ec540f06f674bab3f122034667,3,3
5918bd139698ef6221cccc75fb78ba55,5,6
f94f42bdffe8e4a6fb18353513b9ad81,3,3
a5e2bacf5f66117bba15442b89cf0383,4,4
2ef00d22b9dab4c251c4d013fa0a60b1,2,2
f6864344f1325df68676aea5692b819f,3,4
de2b3602c1ff5424434bf1580022db25,2,2
f44c8bc7d218a0ebae0457863c9665bd,4,4
b3b456b7f9284b118a40c71c3d43f71a,3,3
81aa67a75c9a068553e78269389d2f00,2,2
3a0db988654e25b8c77dc33f99394132,3,3
74c6ca18b2966ed7ad72e20d7256095e,4,4
5bbf885e84e9d096e12e1ef16573a241,2,2
3cb132cddca41bfeccc8bd3ec0c0e15d,2,2
c65762dd8f674dd24d30c4e6bf6d6529,5,5
23e08596bfe2f58c1d6e058e94161ea0,4,5
701e3623d05e0ca53c193b1bd2d74d1f,4,5
1baf2ee8d1272a5da713bf7ee71ec25e,6,7
c48e70a31c0b7777487bcecf6bc92513,6,6
720c732252e35d6db1f3c05d27c775d4,2,2
7164e5dcef4340eef47cc6056fd84ad9,4,5
97e86b09cc29dc0175af97311b49408d,1,1
c916f051067376ef79c09ad067987ed9,3,4
b68f47bb300eec35d5886fd56347483c,6,7
2d71e81ac2c6a1a83e2b24c119305127,7,9
9ff21ebda13e449ffc260562a5d9bb55,7,7
f9717e84617ca0b3e44c106281a8b324,4,4
6e5f448cd03549a254af975f69862be0,4,4
b5fe32048b7f83052986d5438235010c,2,2
7c68603e9e33e7cb9c9fff8ba403b887,4,4
166bdb3bf771f583368ff95d231f789f,5,6
50aedd0672e251ddf045f6e04f37be1d,4,5
01565b064b8ac8efe2f461f73bd0b850,5,5
02dfa5abe43bc772eafa972cba4950a7,6,7
fe53c27a6134f6fb6b61a501086e4d04,7,7
dc9614e6985d30c360fb50f1c2d426c5,4,4
106d83cee1311d480cf142b74eaf2286,5,5
8d29cd3ae89e25cf9685affebdc72cea,1,1
914d099a0c0dc382604f82af038053e6,4,5
9b0419974b7e5b020bd9805f811b5f95,6,7
920ceed2458a3bd6f24633795db9936f,3,3
01b668862b6677158b93abd0911ca67a,3,3
df2291c9376bbd4c1a77bffe577b1539,3,5
c5b043420bfddf93c9142c71c0b8edb5,4,4
93dbe07af02088c3c1c6e69d62f10e5e,4,5
76a77216e0223a7ca7a2882634e4bd97,2,2
1da98272486620ec8132b98b95ce9fef,2,3
d4d722fadfd8d4f2aed40b35acaff6ea,5,5
91a772da43353ff5b875288e91127ebe,2,2
1d941087c065ffcfca6afd02b90ce3a3,6,7
8b80e85ede78b407161054dd323b5fd5,1,1
e9572ceb7ccc3b6f64b7a7adf08ecd1b,3,4
5e94bd00fe2d785f0f28512e90e01f7e,7,7
bd4807561fabad70a29ae7acd263b82b,9,10
f074734540e8ef71252dd7c509ddace3,4,6
d3ce643c2b0d9fd97e1f077fc770c409,6,6
ebfcaec67a8eb5fd0cd7ed093810e630,6,6
2f79acab922c2b5681733c5e3c435656,2,2
7e19a9408249351e4d974281005ae1ff,3,4
8b5b88cece76542d3bee98cf491183c6,7,7
34864d9a6694caa4e4ebd17f023f9863,1,1
99f830037d1b64b557ddf08e61317653,4,4
9aea15af765652dce5b54069b72e4feb,7,7
284875e2acd194b9a2080cbda3f3bd12,4,4
f175c9d5e5d8eacb899c91b3115cd9ed,6,7
6134cc718a4a2718a541482c3d68e9fc,2,2
c5077678732769f4247b048ff194639b,6,8
f323bd22a5a0de6499b064f10c4d1718,2,3
0c1ab71abd1d18ce42d6cdf36ae4c085,3,4
49c8ba8efa5f14b49fc2f5fa63bdb6bc,5,5
e16519809477bb315cf574cd10ae1d06,2,3
4bca29d6959df86ad95b2a51840b2db4,3,3
6f472883d35b337311c31e9e483a934f,4,4
bee3379492f534ae12e98367f45577f9,5,5
f1932ecdab0fbd941382942e53c5bba3,5,5
dfbcf8ef097373da13bfa52360d8dce7,5,5
745de7dc5f61bce9612348f42d9fd237,2,2
a2492ce39585cdc891b0d2f5f9fafddd,4,4
5a42546d5325c0d98aa41c1a08072ee8,3,3
125809faef06672a705e5ff19ff94d00,4,4
10bb0aaffec8cf35c207b9fb7e410002,2,2
e902b88356fd3307d7f81ec396db2b2d,1,1
ecb20579d6ab144295630f3a2e787a2e,5,5
862a37b05d63d59cbc41ebc91d768118,7,7
e556ece9bff2d7029f5412d75aa0c4fb,1,1
c57c0254428433938bb056117d7685e2,4,4
5888d6f83f729a255a50648bf44a72af,6,6
382f3c33bd2454cc5c1e940f77cd21fa,3,3
2e9204d5ae0d85666c48d1b09cc878b1,5,6
cb7e86ca51bfebe6fa0d6ce3a1e9c9ff,2,3
cf35f4ac129655b697202c4c80f1e442,2,2
e59e5299a96aab229a60ecf393b172d0,6,6
a164a0c25c1e2e49393eb4490f487b18,4,5
34ddaaaa3eacde5ec1d878d4ac29f34a,3,3
3eaa417443114f1bae7f77bba2a67b58,2,2
909db94c529f16ef5406e59b6934e65f,5,5
495a29c6cd416525d02c89b3bdd30c0e,3,3
c9f4fe9881d2b92783fb96d8cca6c500,3,5
6ae6e40165c83492e2e3302642075548,5,6
08e0682b4400ef84a4400ba4cfee6947,6,6
369ebc5ef1d13a4e3b41dc6b9abad652,4,4
ebfc945be6455ae88d09921872675068,7,9
c5dd475dfa0106d69a768af582e0dbaa,3,3
1be1c7c4e38e196369fb51a3af6f40e4,2,2
45d4cc9ae4f23e3f9f0737e5d133e174,1,1
30bab3ad6197fd76df3974be1f462a74,5,6
47e079663a3f84f167cffe1c0ddfd023,9,10
fc6e30552ffbab9170c0e2103f0245b4,7,9
19096ade2f62a0d802c46c6e973f002b,5,5
04217c1c34a1f19bbaef3e81b145a58a,4,4
eb36ae3d1b30aa40dc0fb0cf8466cdf6,4,4
230e889bbac651b4f23f370262aab429,5,5
c5b8f889aae2ba6b19366d7f97ae1ff0,3,3
8ee04556c045bb2d0c8f86d33c273075,5,5
b3663b828c55504f137c7565ac1bff23,5,5
a6d69acc2f6b471faca310584899dc39,8,9
4b81ef108be9a4c22152051a84b63333,6,6
65c51275e3e658659ea2aa31d8d8c3e7,5,6
a9f4dda49f3188517278cf5197c6b3bc,5,5
21da7dfcbe00b19c46649bd82fa42571,1,1
8f97e8f5f8a803cd6fc34e66b3e85802,2,2
95aa1783b42574954cc3031eadde4687,2,2
884001a18732f3a0ad5610339af9ae60,3,3
f5897bfa8088050d80d6ac38307007a8,4,4
bd6116b8e17d7260cafec40ead964508,2,2
67ab17896b582a1c1f8a7d3842c1c06c,4,4
f51b376deba080eaa200f133d5140269,3,3
d5811eb8809bd2bfceb65107ab580244,3,3
d73f26d72a83ac89ce116030567eb8d6,6,6
30e0897c4279a17e35eb5c497a2eee09,3,4
09637a29361cc62239dddf5c39b6dcbe,3,3
1b773ba0e8c2b79a2ec816c858d75981,3,3
3129dccb56546b6e7e3e632d32d9b52e,4,4
bd9fffd084490d5825aeedd50b39fb3a,1,1
1d5972f14015759dc46f9fa62a444ceb,5,5
4e4551860252269f80bd474327f2d335,7,7
576ec15936130ec30a9e71fe067c35b4,5,5
aa1e21ea91b3f85efc496fe4e898c55b,4,4
805e3fa59673eb183accaf7dacde778a,3,3
8e6d685440d69e3aa2e84d1dd1f6f88d,3,3
96af1cb3218ccd1330ad9b3dc2e1f754,2,2
b476696d93670ce744b68611bd7a0c25,8,9
163d68bcc971619e182d2fe458c19905,4,5
54daaa0222111010643460a1c3a91f42,6,6
ba69ee4b099df269661902190485d2e8,5,5
b7034920cefecf506781874da2293613,4,4
d76893eba8f5efd107984c68f1ddd3fc,2,2
5ca526eb47ce6d67e308b600aaa271e1,1,1
3142b41cd732f72782f7e876563ef53c,5,5
e1def6b388eb53ad3f1884e8f67e8a77,2,2
c6f5e66b05b0bb72fc8b01521f7a48b7,4,4
4ae358a312f84685cd0d247753928451,4,5
1a5218f2cedc0fbc82129276523f0c8b,4,4
11701ca0dff2583c488b8d686f9829ec,2,2
e8344453ac226904110bbf079fa6e84e,2,2
0fa377e0f72d333cee50b4d2daea8dc4,7,9
411925ac3640f9996e765805fa75b675,6,6
38c99aeb2431acfae55d96dbc542123a,5,5
7b5bc60430b212dcf25ffaaa24abc3f7,8,9
ca0b40b18e8a3c7074bc937760cf2fc6,2,2
2f2704da39ff11ab8d1c04d6c0a0e49b,4,4
b0aba94a0d31cd996e7af36716a4fc49,2,2
e018bf61e9ed063e0ccbd2419e2311e5,3,3
998c7ab82e78cf8e774176b4843b8ddd,1,2
9197e3a8fd8ce2cd3cf34a04246028a4,5,6
3acdfdddb170b6fbedd0980c08c1b5c2,1,1
c194fb3da1fa1a9013d7b25f4951497d,3,3
1556a81a4213346166d0678060a4064f,4,5
2ceda18e32de4eb2efc4be63cffa5844,3,3
ac813874fb53a74d5b0a1de39817580f,3,4
add1a5f566394bc5fa08a02e8c2a81f3,4,4
618a3140b35af6fb482e7ad22202192f,3,4
1e23e7872a9acdd9429899a36caff3a6,3,3
ca5baee146160e05c51dff1c84bf5279,1,1
cc1c21b712c0cd3a7152ba1d6db35944,2,2
16c70a29a92af39ef2c2c78e49def263,4,4
772dbcaa5c351ea656ad5871c0173588,1,1
be46d9d71c856011a41d5ade68071ea4,4,6
2bc2060caed5dae65abb9a848ec00ed3,4,4
a9c728b8157511bcbd1de288e8b3dc85,5,6
9d1da2d3e21bd16e6aaf653d32271345,2,2
97232f8b4897ad08e1d26b6b2d87a56b,1,1
57c559b00cbec6aed99835070b7fa317,2,2
fca373488027a9615055c9a54b6703bf,4,6
106725a4fb7245777c2dd9ff747776b6,5,5
67b69ed6f38e1a7c6b0a0ed9f9a9debc,3,3
bb0d7a0c88233ec745ee7a9f2832e71a,3,3
9e1aa7ed10d8fb81005237285fdb007f,7,7
6a91428ff0f4f487b8ac4f5e6a6587f8,3,3
00d2911180940c4f8a4385959473bcaa,4,6
7a401918ab3271a560d1141b01fbb2f4,4,4
4bea181d43febce4d86ff72bf540e3c5,6,6
13cbe9c687778df0a7900cbd9eb0150a,9,9
47a980b2467f67907f6092f45c1f2cbe,3,3
61096cb4a4c8296374e2e565af9a5f61,3,3
6feafa90e17da9fb5d5e88987ca3a50d,6,7
975d8c63d8cc7b29a4d7743307daf0ea,4,4
3c2d842e574942152cc4731102b56502,4,4
12b9b6c64f1ee6360e5c78cd9a03da88,5,5
4fc716a199ae29c3a5a879f11c449b34,4,4
5b9c0ce56dccfc624ce6f7616ee8a0fd,9,11
4326db7c0cd417759fc0d3a7aa20e3b9,3,3
cc720d845b16d4c03854a1da81481e4b,4,4
4df3e32d66eb0c35f4be1d0bd0ce7dec,4,5
c2599d2636fd8714984fd10369077b82,7,7
3fa7750937adddaafb83b98d2d2f2014,7,7
81155a60742cacb6c43801dfcfdcf4a5,9,10
78c6e8148658ce64953699f70f6cb3af,5,5
e22e257704d68c21857af6cec993783f,3,3
99f241e184a0e770a72b20411ef25bd5,5,5
d56357e160e025bd7a89c7e7c4886e90,3,4
93c6a215c124a41357b60b43787e45e6,1,1
f5b0fc85baa598631fee083855c19647,4,5
478807557f620383fa60d0a1db8c1250,5,5
9e43caa6176d61a9233ca4cf00ad2dce,5,5
1ef1f136019dd8c98693b19c1ca4b1e6,6,6
ad2d33d0d1df556381fa2d889a02e439,4,4
5ca71befcdb6a0310d775dadc0ca1895,4,4
c4d600b36717f24f22ec93cdbc82f9d0,6,6
d2c4754bd6851c0887dc756933563225,5,5
f3c7843291729e004a48655e72ec5971,5,6
1e768d08ea46d4c860fc5b11a556ad49,3,4
35d6b67ac10d0d53da574adc6153df11,2,2
d9a291c01907b6b1c8c03ddf479fc612,1,1
91c7801ca6d6350b693319ff8aa2a179,1,1
65c38f948e240b00e25858695afa2b71,3,3
39a13f372469677cb50e19e516f3e4b7,4,4
289448e560d671c22725322f4aa884d6,4,5
6918d4edd50093d8f922d6448165775d,2,2
56bad86dc1555d29099c333f11744f2f,3,3
826f5b38f5f3e549258d7a130de08814,2,2
9ba0cf3b4bf81607b1b4354474a2811f,1,1
fe6b3cdba8de1e2252af1c06800c7511,4,6
ff4cb0361812d996b53df7f0fa4a3edb,1,1
d727c1f317a8bc5f47caccc48b7a2713,3,4
db3a6693b34123a1b9d491abc3c91dec,2,2
13ebd4ce41e4264c09d75e3b955c5049,4,5
40e7cfaa1a69efa0051416696672ac91,1,2
541fc8d3b043df2e06f499aebd0b23e0,4,4
d13b6b5d24612d21f0febdd80282989c,4,4
263d46647eaf975f2c6ab7ddf613e158,1,1
b4f54a7459b93247d913f1bfd3081c2f,1,1
8af12cdcd6a61b4a471126d706db6af2,4,4
a46db72f5d15d3fd69f315973230f692,4,4
046f323064ff243ca9438d9ddfbf1f1c,2,2
3099268e5f13fc65f21c10effbe8c8cb,2,2
53215c6ae166b86e7a24efef0a1c7bd1,1,1
18c027b1de86c64f7686ef6d99a73f59,2,2
8d6fe8f123e118cce543b726b4b96436,2,2
f1042f7e3fb9cea99bc2d90c03747ddf,1,1
1652e9e520f84923973936d659cbc66a,2,2
43bc8c47ec155ad0a39ae6a121dc76cc,1,1
51177f143640cadd9f7d259f878d3bbe,1,1
0d63822cb7602c06dc6d2767855fc16a,1,1
e467e4e55c4e0e04cbe09a5de9ddd06f,2,3
ffcb22a79e619d25cefd1524bd9e5435,1,1
02ddc5eb629a9042d222565ab2dc5069,1,1
4b05cce28d453f2e970eb0334ab02775,2,2
458879c5372ea97ee0858c3e79547d6c,2,2
c59ec4a99415bf82219dd4340138570d,2,2
2508f5b782e8a71a605033f76954cf0f,1,1
1620a5385dbeb49bce82102ff5234413,1,1
5a46062ac7438710aae1aaceeab2e113,1,1
10cd873825b3b03878a3ff0a506392c0,9,13
3bbf2b76eedd778e328987abb756bfbf,15,21
4ab48590f9272f9dec7d38d8738b64c6,18,30
419a403319712c03911eb46ec194cf81,16,24
8b1704c2db7c19549555df1680c6055a,6,9
d068e0aad97a18fcfed80eeaf2919324,2,2
1792958af15ef9a494357723f8118ae9,8,12
09424277b10213d0c973078924bf3e9a,14,21
759e407ba88427f4889b6844946d79d1,7,8
060501c72e9e8002bcd277ef0003eb73,10,12
d506c1e8b78e7d08dc317490657511bb,4,4
91c473860fbfbfa078d094ba83977307,9,11
a77ef7ac53394f515e84003e7c10cda7,2,2
1ab13b7cc6fc199bc586d3e2447c6633,6,7
2ed7706a20f7a1ed9eeb511b87095e67,7,7
bd295c13d9dccd0bfd620d2af103768a,8,8
5394bf1ebbd249e0153e616edf8347f9,7,11
82ba5c8bc4bcb9f9eebac6357f5271df,3,4
80e8983e7eb4ed7bbd3be6682c55e351,5,7
a60e39c5825e7235e54a5bcd420ba864,4,5
a40f1bab2cf84efb4f173b3e56661202,4,4
fa0bc93d391d86df3f24155df14d8d4a,6,7
3dfa830aeb085df8901061e38324464f,7,7
0753249b352c5b272461b7fae351db93,4,4
189e345d4ae812d1e4b83a7c4d5382f2,8,8
ea938922f85edf99b141ca62c770a0ec,2,2
457c9720166ccb6edc3be41224819681,4,4
dca45a73e7e04ca79b283a171c5630a7,6,6
f4c0434f37dc13706c56a9c3e79e5db0,6,6
564d41a06a617507f7160c83629b955c,3,3
3554cdbcd7f5e2bfb96ecc1e44577cf3,3,3
3595b4754a9869640752667c37719dcb,6,7
79e03fa607eba7ee2f6bbc6100b8c734,2,2
76d64aaa0ce863ce458374c192c9913a,4,4
670a788c5f7c043718658e2d8dde809b,3,3
7a18925d1b8434098de6a15c790902ed,4,4
72530ac3d15692607a1926e5a3dfb6d7,3,3
707ee6825ef74d935616118094a0734c,6,6
d0c9142f29e7e50cbba45635adff1c6e,5,5
84f862f1005de7aad4ed34697ddb9053,2,2
a960f41cbdbb4143f21418dcdc3c1d63,3,3
d12f73fa88bab77e240cf501e8b84224,2,2
1b00db00f6984987ff09032f74a47203,2,2
0acbb8a7ae7b4d0437e14f5b2c825fbe,4,4
3966215188aab9deb2efd4d3871d257f,5,5
7172671983762c6a6aae09729971e619,1,1
2703d87ab9723e34f2abb40b873c5d9f,5,5
d1412b55fa7d990d3acd3eeb7185ca2f,5,6
3afa308f351e71d0e8cebfaf5578df36,4,4
dbaecdd6f93942aec2d96a7af9fc33c3,3,3
11d20fd914c268ed99a58918a3c315cb,6,6
468a8705f835322dc02e5f0d233628d8,2,2
577b9ee94d2f2687d689b26216c43ba3,4,4
2984bb9a339c7ad57548dcd9c1920845,7,8
2a87036ebcf2801d98ff8b1160e39919,5,5
25653daf6e2fd8f8b7b9814536858f9e,3,3
fb9d71a2d06e03703db3263821f005a7,1,1
512f6fcd0f88f81a918e4cbd52930995,4,4
82ce436db0b3cc7b8e95ba70f88d3ec1,2,3
03bb0de5f156614037af08dc4d673821,3,3
43ec6951ee4ef4827995e3c82603d2ae,2,2
a1f20e288c1f39217ef2b703f3b9885a,1,1
81a972f3eeff6430554c1c075b350e47,2,2
c535692270d92d7ca46b7c2f75ec6ab2,8,9
c257548d483cc5260662347891275cc5,5,5
83ce9e8f85c65b3d2f169f6b7c7ba781,4,4
563736a32d6b9d2062d893c34f6e4076,5,5
5a52ff70bf94b67739ee543380d2e7cf,6,7
a4498d076ead4bd3e6589a3eda2c24b0,2,2
bf786d58b3d678a4ec06dffb8a425074,4,4
be41ca2a83eb1a0520abc394392e518a,2,2
73890f1fffdc6c7ef81173d9ac7d3467,2,2
494c26f69a115b429f94748cc064983f,3,3
e8588a857152e1339cd5b79c0ee5506b,4,4
28e09e5018f1151d18c84d2fbf5801f1,3,3
de3a431dc8643cb23259d2e5520d9530,5,5
3688aeee65e1f8687bd2473ecaf95700,6,6
5070b1972948902a01a65a23c0d9074a,1,1
9fcc2e2dbf70fa6b70027f7c7976c685,7,7
8772662ff224f8b81d9bc0be0ed8f160,3,3
ec46ade8b5aa5c8fcad388dfbae1411d,4,4
845342b5f0f48ac4b1b64c75a0e9e59c,1,1
490b166b2760ae18d9a9399754b97ade,9,9
ec13fb0e0d6b41f57015d539323267cd,2,2
38d5fe88345fcd55519100b3088fea9d,6,7
5ef8e24216d6e757aad193f366a7db56,6,6
8826be782e009b0840fecf452172a98d,6,6
1b2d0d2a7d6a38bfbd01bf818c953153,4,5
91c199d4a0ef1bc0ce7b626c87a4f2fb,2,2
db8e6540747da7ace76f9f3647f90669,3,3
29f6e7cec93db75b5f7fa6a6906fb2dc,3,3
cb04e3f4f3f781dd1b65ba8ad7e2c809,4,5
eb57367f31b010bb0c799dbac1a13608,3,3
5be9f9d17f9b85734f1e947302e97081,5,6
88a2bebcc1c7aea27c867ec9adb1350e,4,4
8cafa394560662cb0bd79a70f2ae0a6b,3,3
48db94df25a806bc7a7f995cba67b41e,1,1
2dc30783c0a31de6d356690fc3b287d9,8,9
e1f690d497bd0849ac0b1df11c9bb07b,8,9
3d28c9a160ba39150870a34ad941a566,4,4
778af59d0960200345f8f92c246d4d7f,4,5
8cd0ec92a196491de24ab74b24a291b0,3,5
ff10156b7358d74f0c6ba85ba3e983d5,5,5
0744bd8f9ba57d353c306e46e5603558,2,2
0d8853388ec450e19fafc50d8c91c7ff,2,2
21895250aa7d229a6039b53a4264ebbc,4,4
7f6e97ea2abfc4e2213ca3b61d4699c3,5,5
5c353376cbd0e955b23190c8cd80ca51,4,4
ece52f834df3c0a562f39873bd4fcdd5,10,11
f40d03a783e6db83e07436518278ce34,5,5
cacd207184922786a81fc29b880ba17b,4,5
14b11ece2b0c2527177d7b4a3ef2a953,6,7
05b0ca109a66dc2448cd5f0b8907c210,5,5
2944174ced5d94fdec4531480c994ff9,5,5
0b04a957616aee3697c16addd8295f74,3,3
4a3db0c13f5c2e8d360b7d09cea1a663,3,3
5ed635c3ddaf5ec6e98b30022240f751,1,1
1307c9be04dad98df5d74efcf2ec6c5c,4,4
fdbb556740a36f76c2a3232239e57acf,5,5
2ce42191eebe73dce917f835f2125763,4,4
62bfe4511ace3ad76228c7707057c8bd,4,6
d317e046192cd4bf0c5202b442136e43,4,6
d1fe36714900234a1ce19e237597487c,5,5
5e4224fa247b60beafe645c1325d915a,5,5
150790d28ed9db240b980a4961c6e0fc,5,5
f76f3677825302853bb76368a2b52582,3,3
a0d8c53c2fea484dd07ed47ee26a94a3,4,4
6756db9613a0b37fd06619db31fb12d2,3,3
3b853c2b643442cc8d6a4395f959b31a,2,2
8b278f6edc927b9682431f056e8cd1ab,2,2
8381845b8b6acfd0e75d817d9eb52644,5,5
2e60eadc3695cf0ef1b8c5f1a723c93a,4,4
cab990e5073f1ac37733d45cd47bae79,3,4
bc3d24a07fefecc33a319fb791a38d44,7,7
096958669489f6c789302e195a0fb06a,6,7
fe2bf762a6894e871661f8ff72ccddc8,2,3
f88956f458d7f3b3ffb8f2ec6cd2115b,1,1
25bacd1417e1e1bc9697c9b2bb648a91,2,2
19a5d235a118cc812ae49d198ad5f87a,2,2
ec000dedd47875717655e6839f274f15,3,3
5b1caa3a5f9de8d0c91cb1d3aeabdc95,4,5
826902a5da4d6b2b4e1fb8a8f7919a1f,7,7
27f0dd74dd2924899506943865d4b358,4,4
4d2a7122db416a1a41765f9f76802b39,3,3
0be9aca7cd7d6b050a096edf6e86cf20,10,10
3328e54682c2c1b9087408edfb1b7f44,1,1
45b7a00df21ccaffbf3ea35981498739,4,5
96cb31b92f229d55830120f8ff937c4c,5,6
e20e6c130fd6e6d8c6e224b4b50e8832,5,5
55b7ff56a8b81890dc6c6b6b10653974,3,4
a8e1f0f6410c7f89b6e736e392cd525f,4,4
aa4bab7c6083fe51f4c785c65020d221,7,7
9b65352cf34d9bd6053636a017d6c387,6,6
d0a4c232bf42c438aa2f8a16647f5b8d,3,4
013044169f72157d68e431b6717f540c,4,5
17d34b9cee94367e50b7dcf5a8051c73,7,10
1a10bb601681cd4cff29bdf4712ce22f,4,5
5d99b7534e04b3b239e532aee7e1e55c,4,4
d039174ce0a65838121a201a298252b5,7,7
7a18cca274b39f90a9d0f36e2ff1db01,6,6
43c85539be0daf7c0a199dcc5dd7c04a,5,5
019b78073c3c0d295a089adcb1ed9c74,2,2
b8bdcbc40c17315512793bd71d918d90,2,2
c8c5a1ea9080218fd3731700ad4a56f4,5,6
522d5e8a3a70756b0c2ef88cfc297a35,2,2
c4352ffcfe8860415cab65bf1a8c40ae,6,7
d46240d1175e866e5cc7622b33b83e46,3,3
d8f1e18dbbe3586a7953f25e6aa48d69,4,4
9e32f37f2bbc096e7f79317a4274cbf7,4,4
9b1f2da206ec88aeabeadd92643dfbcb,4,4
c4c2fd0c1f33c77b104119a69b6b7db6,7,9
a32603c520e3efecfac83874603433c6,4,4
90449c559ccbcaf8c3ac9c92f7a49cf0,2,2
4f05f91dd01709a4f8548df03566c92e,4,4
99717a322c7d09d4020d5e183b117a1f,2,2
882eecd6b4c756c78bf793e83abc3345,1,1
c9385159a5b239d61a01b06c422fabe9,4,5
a9c3dc75dd044c1d5e9bdf6b8cdc55fa,6,6
02410ed45e06212065df026123f19d35,1,1
07720139c4d9ef31172fcd2537869ce9,3,3
47f842f224eb5b298a59d0a64a8b5baf,3,3
972e7ce409b28b2776835f1b1a5333ee,4,5
13abc4970e0198f341a89743940795ce,2,2
4a537cdcf186be65cb64e6af80c37b6f,3,3
3d61ddf81e90d704beaccfba4f464075,4,4
96723e3e982ae40260422a9e5a92c5d6,4,4
bbe3651591729a3645d18b8d67c0ebc2,5,5
c4e7e72689b5365994fa09f61afeb797,4,4
0ff9e30c898d77e9e7b50f9fe198be7c,3,3
b14a05439f1e82c1fbd9139ea775c5d3,3,4
c8a95f8e486d970043d23f6d804ef205,4,4
69fe424b32b6bf04c98f82b5d480d1f1,5,7
f18770bcb3cd4a031ac855b5ff6f7af8,5,5
ffe9620df75fbb52a1325aedc8ea634b,7,10
e8271e9ccb1b61c7e38e76486fd7557b,6,6
e6f7a85d65ad35bda6bb5f85c4bdb85b,3,4
0b214171f969fcee1ce33242469ef995,7,9
52044beb76670cf334c0d0fef3233ad2,4,5
6d6a03dca8e5234cff85556fe2d6e7fd,7,7
6057fd862d62e8f6e96d7a6c7752e5fc,6,6
dc3d99f06dc3b5aff11acdbb8b585d15,5,5
0d1499066a14ad555e3e0a45f9e55f57,3,4
9d125bc9ad80de84b01c1309edf6e5a3,7,7
8e59cd80d651e6f8fea295f7e4a47123,4,5
ac572606c1a7d8943791b1eb4e873b8b,3,3
a3b44ef170ca24e19744540c86652375,2,2
74f18bdc728cd1da65a44d54ac822ca1,4,5
721c6369e7a00eca013b41b2a33acc34,5,5
2646cd30f48bce8e52b7c7ca4c5511f0,1,1
ac3f231466cbfea70f692d8c605e098d,7,7
de59506dc0f9156a6dffdc56a2800527,4,4
8e0dc268bc23296f0392eb6274001fcd,4,4
2497a63ae2fa8690a6e1b629eb9a55ba,1,1
1b6c2031ff654b9ec629137aeb7b7da4,4,4
99f1a98879e912a0e1d1e4a0783e0fee,4,4
b7b957a5b2bc5483a6aaf25175aa1f24,3,3
06ecf97667a71fc394c3413851fd2cbb,5,5
bb059246bb17b61bccf1f219804862f2,1,1
96e30e38e43cecfed042cfbc2cfc3435,4,4
db0ab62c998ff3428160c5be89ddef0a,3,3
4601f3f122a84105a02a909ef674a0c1,4,5
3a7a36390dd12844a26c790199eeeb6e,3,3
26db20fbc5f2b418f4623dd37c116717,3,3
e8d1040f192a088acbd485865f92cd2a,4,4
54f66d74c369178e13b28a4bb4c8bbf4,8,9
adc5bc44f7bc2e26e26a25e805c61a80,9,9
c2e5942272075096627278f122ab030a,5,5
6109cdbe561c4ce6a2db4c6b26c36e30,5,5
1fd846d955160147046590cc5b1b6fa4,3,3
ac405abcc6285051afee02d10eccf857,7,7
7e076f9ea296842952b6089e45c83b80,2,2
e4583823e322c093c29a94955db3ef19,1,1
cbbff9b92f6b2d757df0574405660da6,1,2
2598d9a708bf02b6a42c73eb799d8a89,2,2
0073df5a02c537b574c2b194883faa8c,3,3
4230e747901af297cb396bb69e902ac6,4,5
5190fe04247f5ca0c5bb76dc658644d0,6,8
f146af3bb5d2be78635ce6506ac17713,4,4
d4dd6567aa6f93ddc1590034c335dd0e,3,3
e39f1b42cc021034ce97c6e7392c7fc0,2,2
d3c57c626a7d68a5d57f33bc80c0374c,3,3
a7735c81d91701436a2f432f6246f447,1,1
c1374d32cef99af703307261fe96f031,1,1
421048ddee2401f147d920143377cac7,3,3
57706eef0b7d2f33cc5c8135ca0c4236,4,5
7eededa649061925ffc2914123238452,4,4
abe74100ec4da291d1e549a329206b16,3,3
ce4dd6095b5331b3fea8c0db95be2307,5,5
1d7f972806fcf53a60e4c8af144ec56a,2,2
7bbe915975350b468e2a73834b5756b1,4,5
1448da34e3c1ebc19ef6cf496101dd21,5,5
134fe3327705bb5c7762c482e7f681f7,2,2
205f83e7642997e185f0a6b0f7f89450,1,1
7aa6d03c4ea1d0502568aef63da175c9,1,1
3ad559fbb46a1e080804fcc027f6f101,2,2
49243535e0db44db83403488a1e5bdde,5,5
75a1947e694103bc2aa06695a1f612b2,2,2
ac85f0aedbb794631f03fba228f539da,2,2
a6f427f6000c8088be9994da750e1e56,4,5
4607e05751a3c66c0c7f1c1cbc3cac8e,6,6
f88f702c72aeebc6674415abd599222d,2,2
f8e65da7f632b19ef1f74fd846ff56ed,5,5
92d9679b2be18d52ac49535c1d72aa3c,4,4
a5b2dd3522629a8f48e47c637156d265,5,5
0476ae735ebe0b43a9ff621d7cdf2812,3,3
1686501fd4b86d2f64b0dd6e8acf85e6,2,3
3064a6f4dfbadb104d9a9688b5db6fc5,8,8
af08e9ad6cedb960e382112cb1835ca8,4,4
e7dcef000a3907ee9df9f57d9d726bec,4,4
c23cec82cf22be9cae382db46b52798d,6,7
cb1fc00c0800ae92a73793c7d8e3e493,3,3
0420c620c0804322c508da3a099a9d7b,5,5
71161eb2dd3d5da5bdc2909e6c5427f4,4,6
d614690aad17db443d5a6f10a5a08f4b,3,3
20a2369eef020e878f8de734b9a635b1,5,6
f349b7717cafe2f281820aea76e7b238,2,2
875cc75b540aa75e9f7ae6ca79db379d,2,2
0f2f06f9ef9bdc0d684b6483c6b73ec4,4,4
3523ca209f1f87b417523d14ca45017b,6,6
8363a9cd3cc71e184d38eb02ab1b2e34,2,2
586831aa34d642d4f70adef714788c97,3,3
4c6117939e8e807e753aa701846e8510,2,2
eb3f80b9acb7bd19fbfc813c8a1f5d06,3,4
3c8709ea8bff98142a1711d8eed39c64,3,3
e460eeda91e56e2d415162fec2d03301,6,6
673d6db81ac4fb077a06b29ba74b92b5,2,3
ccb8f896c40bd7cc40f7091bc2084d06,6,6
8f88210fc97ade00aeb55f10448f04a6,3,3
f1b968bd98fef3022d86af55a7f8fe47,5,5
c3b1a27ff8c40fcf9e87eb5c4a862992,2,2
cf7fe524388b11324c4f65807caf676a,3,3
07253d1875bfccb712b701105039b330,1,1
ac0b9ec6ebac0c0c476d6114af58f382,7,7
52a33757560d35f6e27281e52c9c5ad8,7,8
1a4cfa6bc85a8d8fb81d9edf895e1140,1,1
c592d613152c4e18fa3de87d6af9d91f,2,2
ad9a735efa23f7859d8fa25037ceea18,2,3
646267adeb68e83cc536429e7ae50962,3,3
cb5a21c2001401ce7f4ccf4cec2b5c1b,2,2
627063bf54e4c2ab780c2fd1b821190d,2,5
67be9910c4cde4611db4edda1cf398d6,4,4
3e133b1248fbe13309c3e6170bcfb396,1,1
d8b7efa0d5ba8e97e5dd6921d8e92d37,2,2
de974f16c469d81f568bafe8c67286e6,3,5
ef538c67fd52ee070b2f4f5582e6c7ec,4,4
d6db972aa98436461e2d6efce33b9efa,1,2
31f394854ff5b481525363a9fa0c7d8b,3,3
57b04c1e4482efd82ef6ec89c7cfe530,4,6
b437361fdf46a819cb4eb0542d34d1fa,1,2
b33bd19165cb5ed8cdb29b0c4ff058d3,2,2
1bc34a67abef70bfcd028a6b98c3af75,4,4
0b1eec4ec90e6408599cd0b1c0144134,2,2
cba2de38b98f9e640474a9a709df7c64,2,2
b2f8765a22a6cc199accafd50a898e9e,3,3
c20a20017e38d8e164ce74ddee9b1cfc,1,1
739b646f7ca9054733bb03131b0aa305,2,2
b292aae6bc4fafd7757a2cf4999167e5,3,3
d64a48605072605764d4cffd57a30dc3,1,1
09b6ee23e4bcd4cda454fb6826e1a419,1,1
79b2dea3663fcb13de2a9dd59ccd3384,1,1
79dac11ac4ee6b3e4c71b156328f8f1e,3,3
fbedccf19116892b2f452ffd8cf85fe0,3,3
939ef54cc708e8a840ba1a25d69ad413,3,3
337ceef29299d503887a414237b1e087,2,2
8d3b8b212e2bb7e80fe99265a0d02c90,2,2
b7c4206ea038891ba58699bb2209e51e,1,1
ad736930fabaacb34c5034379e0e5946,2,2
8c46526a7f88b0cfb0ab267840c7157d,1,1
834b862413a3a673078e1bd8003cadfb,3,3
4e8244ce40aa1c3a7e364569cf057094,1,1
1ee711f3a8e8db201410474c82becede,2,2
3214f177a047dc4f556dac0f522ac244,2,2
a85134f0192e946128c8f343f46347c3,6,7
1663f0ab4f7481f4d7f413c7b97e5ab2,1,1
3f7c984c253acb351db7963f85c7ccd9,3,4
35c113db7ee7fdf6316ede27c08621d8,1,1
331cf8ff5854b1eccbb97e25e8c8ce70,4,5
9193209511665961745e116db660675a,2,2
ba43fc907e8ba435b5f3f8b27cf94c81,2,4
6eea0445b9fcb8b790131e82abd9501a,1,1
9ef1dddd480c899cb7f9e89e697890d6,1,1
d29e6bfb7d9a2a89baa4e4185f02fecd,3,4
73da38b664c8e67c3a390a950b4cb2eb,1,1
8c80e194b7cfa0463f086db94bb1a9c1,1,2
28e2aadec1ff816376afa700c4bdb788,3,3
7ecc407cca685cd344e4184647e5f51b,1,1
4d5def89c2a9bfe6466b695c0c57a11a,1,1
fb5cb7c2aaa2af68b775054c097bca0b,1,1
9684f43f806fe9f1be954c9cc414c07d,1,1
a8dbf543340f8797a32b5cdf6b2d30c7,1,1
4bbf28667514e0e0a7a6b0c0d462503b,15,23
83c47e15dcaffc0a526cc3571ce08e19,19,31
96788511f8adccb5ef8f9f4e9264a70d,17,23
f6813214c7aef4183643582bcce305d9,7,10
181fc9ffa62db0c598318a2ee018679e,3,3
61c8a86694d7e68e7d61b2221e5dc74b,7,11
6a9e7373d7be7f2c31a3b099fd9e91b7,14,23
b6ac1a0df748d4ce910e5dba1df39751,10,13
e6d370325cc187f5c438e32171cf7525,4,4
8983c918696893d9a78c92b01d6d8803,6,7
eb1191671859131c55d89c29e0184b78,7,7
ac6a00bfa2b1c88fa05524fd487762ed,8,9
86db8fc83a42758e962e9517c92ea4ca,4,4
4ca2ca27255d7917ff29e8cff1229350,4,4
0c941668b09fabcd6de4a1884f617c30,4,4
2d01415dacfb3b758f6e15121490f9be,3,4
5d89d62f6a60683b753cfb5143da8826,6,6
c3ee85394e6bb519d1308ad987227b0a,3,3
c57dca21de05a8b0fe7d834b2d40da38,2,2
9ba7ce74a56baca4171fb5e7fcae1235,3,3
5fa9a39a85e9e5deade5ad2b7562321f,4,4
54d65075304136db257730c0a2b26649,8,8
ed0d632accf08a13c2ff1f522bf7015a,6,7
7a04023f56355a77974086ad89a0bcf0,8,9
182ea27f19559fc6449d851dd473b783,5,6
d42a0cf5e6a27a1ddd1e0849599a4841,4,4
0deab5553e072810685c93b869a42416,4,4
da5afcb66c308f0a5b66773dd0bdd60c,3,3
aae07bee24b6b4807807ed5edbea42a8,2,2
0fdd0cd219f4396efc95621ae6359f1c,3,3
a92caf7052ca02ee3831a7204e43399f,4,4
e0b6a6421c6ccc4d0476a27d8c978305,5,5
12e79f59aa907b9e2658e7333ad3a362,4,4
3debcfe962c7d86de4e77654483b8ec4,2,2
56e82f087c754cfa98fefa8366d6d339,1,1
00ffb1f6eadb59f833e75663727aa2ef,2,2
739393cbdeaa3ab46a594d1498f804bd,2,2
6e2db4fd2d4537ac6f61f948e50d424a,4,6
6844aec3708a61ba6af5f59fe0c196b3,6,6
9b58d375b8d422932bd4f588e9eaded5,3,3
f14ace1e42e6b753432f379fc6946996,6,7
be6cf4a4eff6a60929499e99fe9a7696,3,3
81481f08e3331aaca9660cd1824d57c3,3,4
d7a039446137ed317785f6bcefb09481,3,3
86047b973538cf51d52f918c51c1e8b1,3,3
0996a096380bd61aa44fab0e0ffe7324,3,4
19f91931c6936d4fd8471b6448bb552d,3,3
144634fd5c043bb97717d3c8bbe4aace,4,4
c544f1ff8495aa4baf58879b8502692d,3,5
362e070fd4233ab4b70bb2f81da2218c,1,1
64133e04ff7333f024beb221d66a38dc,5,5
4257e0a92f67f2aee0e317e3b37c36af,3,3
7902ce0008e336914c708a011e55a328,4,4
23ae98bf352aed2aee2e491352dd612b,4,4
ee4221d0fb50d326fd909bd8463bce90,2,2
126527a26e566cc54c9b3425107e6051,3,3
e280b2fae060b44ed51e718c5e610732,6,6
0175ab2cffdeaeb6fdfedaa4ed71acd5,7,7
4509bf939f07926cb2a3f2a559f942c9,3,3
ac1d96f1c3e3bc2af06ee4f0f23fb94e,3,3
b1e65889d7e15f9a2d9216e6472a89c5,4,4
c8dbcd7b658819bac5610bb018f29769,3,4
fc4fd95254409828bc616001b4856798,1,2
2101042ec0aec3a615c634db025c2be7,6,6
91d4c3bd7bb2ce39109da939d5d2c6b0,6,7
a467016230357063bb5c6f325c87712a,4,4
a621f48384285a9912717a6faa5d5dff,5,5
f5c30e81e7da2b37fe3e76f474c4eb08,4,4
4f194244a0ac6eb657ddd7ecd34d99a6,2,2
8d4378c5872c4099c5680384c6e32fc0,3,3
75f82919afc34d81cc94913ffd93b5ee,5,5
0f6bd68f901b13c86ecdac9952707bfe,2,2
858ea0435f6a2a0c409cc932d57738e7,6,6
14195e599568228b24bb010c4af227d6,1,1
749c1fe4133789625f59bd1a17d4ccb4,3,3
821a72ddd39ccbc610dca52dc52bdb9d,4,4
582ba731c2762e2f565374d8b627dd5d,4,4
0858afa99ea84ba54c3382b4f656f02d,3,3
214df99b6fd36dccf0ad9abcd6469e25,4,5
167b302f594cde358febab40409f686d,2,2
51336a645fe9c0903efe3a7a70e6171f,3,3
1951eb04d857a6643fbb392e9606d689,6,7
837cc00858d18b2a9ef0d15b10ccf54e,3,3
d3d57c598a4c2a1eeead42c23353fb5f,4,4
19a82cd188d63f379a97a2c16d5800ba,6,6
e684a51f960720d85b8ca5d8c73fc4b2,3,3
87a3aeb622b0c9d79fe1a880aea4d5c8,5,5
108a811080b36fc2363f78afc75d1756,4,5
72a506aa0d9bb458cb9395ebdf28084d,4,4
0edc36be9f7fbc2feabd3a61c7ce6766,7,7
b52fb752adcd78fe958ebc8b9a1ad146,4,4
b7ca6a1a3d88c294b6a2832d60daede4,3,3
577e3cbdb69c3ad90e8f6852ce25e0c3,3,4
02c2dce0e14bb2a93751d9485f1c9857,2,3
5d8994564281c6addb8b576963ed4107,4,5
62d470a68b801cc1cdaf0f5cdda2e23c,1,1
349a4aa17aa2a15251a8831d7d076341,3,5
f32563f1905e12e1feb80ac3728505bf,3,3
14782921509825b136933617122134e1,3,3
5dcb795bd1e045445c3c78165c60c312,2,2
32aca40af229ceb75e9659dded856336,3,3
9181f815948c10f12ed97183ee893442,2,2
dfc8bd893c6325f223adc964b509633d,5,5
383f41514caee80c016a2ea7d2e68803,1,1
cd7da4f28202ae9617e177e54e4f6ac1,2,3
b7f92221145a11eb9b528e3e5ca65610,4,4
6fb05b3bbb23712c7e8ce9b87fe2e5dc,7,7
0e3299ae7eb1959eb4126bf8ff768cea,6,6
707d09828452215ba62683887bf52d82,4,4
e0384b2165451bc1629d38794662e922,6,7
e3a164e99f05f8f44bdaf9aa64654827,3,3
e8097a9e871949869c3b9968065a38fb,3,3
c4dd0f93435f7f867b0780ed4f2d1c7e,3,3
f4b4b8c203c002994a952ce3c80bbe87,4,4
1730f2ed065f56726d1f92d726118d9a,5,6
d1506494a95888dbb08526aed6919471,2,4
81e5dd8a9abf0ab9cbb14cf204bb5f68,4,6
745cefcaace0941b80b9bd34211054b9,4,4
5513920654f1ca0c78305d9530b81635,7,8
b9ada284a1d554397bdce3413e09c8d8,8,8
b31f906bb8060970a82b8b3c4a355e99,3,3
9aacc5fab7281592a79abd804ac4f980,4,4
e61526af6c80934dfd3a7c443e6ef386,4,5
7fdfdc95a42e2c4e49513178b143be49,4,5
0fbee67fae9c4214a4f21dea5a54475b,2,2
4322f3b74e39904cadbc392232229d19,6,6
429ff91cf6e352c58f378c87bacf9344,4,4
bcbe8f6daea83f4d0cc499f667827549,2,2
c2c2168041ca667798c4de1547efac75,4,4
e37d22741b657935fd1ca231da7fd151,5,5
58219f6675ff49a46ee15d53a0affc85,7,7
da9de2e0323033a918795f9c569874d1,7,7
e8ad667d7282850cf8b8a44063953c6e,4,4
a1aeed1d2c6eca0077d39441f2223727,3,4
96f2dfa3690ca546db9ec7a2939e6f40,6,7
ecfdd0940f53668cd79e06e376800b66,2,3
7fa900fd98f5390a7334b6e25ce25e9e,5,5
08ab5b2683b898b9f829db6ad6107b0c,3,3
c0f005da4cdb1b64c54fbb953cc6b339,4,4
44ae03572bf08e543ad8fb518bfce1b2,3,3
735bcadfd6d4d63df9ad14e640cf988f,4,4
ff47a53055f83767c1b7e8d0768582a0,4,4
6f74a75c5c85b415bd58117c47cd7306,2,2
b284db749fa08191d64618c3a3bdee56,3,4
17e8fcf8ea49a55c56f7d66c7bd126e4,3,3
80a6855c42e5d8d85107c33ba7a8f8c2,5,5
4b703d0621cb69cc1c9f96312782af5f,1,1
0c50797050d98157a410597018703104,4,4
eb3034f6165d6dd5531949e61408eb1c,5,5
b85d26ab552fe87b44ad23c1e02a3d74,8,8
76e8b821a874d879999ddc1eb9caf7fd,4,5
a4985252ef13a637fbd9e18be4cbc4da,2,2
1d2ae4aacf6247a757af5dfcf69d5c24,5,6
410fc3eecf4dff49cc884f73a4889599,4,4
aed10f8713a590310dd8ff98ba7c340b,3,3
7daeab8cd4703942ec79bb49fd6cd517,5,7
ec2308778a8bc4a0a4dfdff68f939bd6,4,4
eefa90db158d609f892f84403f5376d9,1,1
84cea01f91b1bd23d266221a13d3c03c,3,3
bcc86498153c31f834e188e5d4dd1cfd,4,4
d3c2bdae645994f12ba068c88022c0b5,4,6
91fdbb178b399ad66e0b43590420f3fd,2,2
76aaa263f80e8caa8c9ee51e000c30da,10,10
10d92098ae3de32d2527f5fe0393a4ab,5,5
1287c00b3605514a1bf9e2768b2b5eff,3,3
044160c98c09a0a32a8b27bd0522b722,3,3
5f9f9170f30b8d94db2df0f4f36f3bac,2,2
f84b9bbdd4f1b1d3369b5b700786f62a,5,5
a881ea26668a346c1ea3b20ab57f8d77,4,4
a2e935848063521c90528133b7638c4d,8,8
f9db7526ab74b646957a61596635695f,2,2
c75458c818b6530d085e002e7956b9e2,4,4
e1789b1ad7fd0df2719a38bd1e4a55e1,1,1
3b83f7303e55c2e9bba8bf4a3a388951,5,5
7eaf0ce1c50fcef3761dec87ca537406,5,5
3cdeead60fd32a4b36bd9a1c465e470f,5,5
8dcc1260aea5cc0286fd2c5658df6b4a,3,3
2b01ba66ab7126ab463587d2000f74ab,7,8
efedbc02d3a8c5fae11501772fa2b145,5,6
247a786fec0a6bcebc08d191f6b0ad65,2,2
dd06f71c7157daf9169921602e832b29,5,5
3f65ae29a69a434b938eff2887b79aa7,6,6
4f472787605af2ad02335970f4bb1857,4,4
35e63e5fa756505a5fcf481a54149316,3,5
21203738215d60f05463b463cf2dd792,5,7
98b69b30a338546ff0bddc4e423675bc,3,3
b28ef5acc46ca4e685953fb319e743ad,3,3
8f8c2633bcdaf662682874cf870a3b0c,3,3
86c946a1103a2078a6e9bc3bd07e8d86,5,6
9e93ccfc27228cd3102b525d892bce11,4,4
c539780941dced87a9c2497591a929df,3,3
637c76e45fdfceff948bb146faeb5207,3,3
e9bf9212a817d820ba8233005554a89f,2,2
1ce8c1843d65393cdcd3f97708fc03ed,4,4
8fdd8d14e9e0d019332306ac941b2cb4,5,5
9560e43b70f19a44dacd41076b006121,6,8
65abef854cdca546c380c5660824b718,7,8
d84659e9a71150e1c711a8c4e9896d7e,2,2
ac6bd7152b8e1d490e848d957e16932b,6,6
1c9a7498b267504e7f79955bb5248d43,3,4
273f3ceaa4456493005b91d0049c01aa,2,2
355c6ffafd6b4fc5f77332f86ed872f5,3,3
28f9597ed9d2fdda056c37c552f32f70,8,8
17494cefc2e50147d55ed30ea037f6bc,4,5
e893ec8f8d790c1887abc02de7dafade,7,7
4c23081f975dfa60583c6929b50aaf71,2,2
4302ce56c6a2654713a416ee8046851a,3,4
15dd7d41df92c645e621ad12e9fa3e2b,3,3
aae0fcf4c9b5149374c0801ff0659ebd,6,7
ae4fde14311f504adce274f8d63e567f,6,6
59e8e881f0dd1c49d791458d7b1b513b,3,3
2262091db255ddcb9107fc9f05542d78,6,6
710343ac22de611144919d3a6bb86689,5,6
94c4b832fdc788a2af1f4bd014b3dff8,5,5
eb56a1ee78d8217b7fa7e782dc0f4217,5,7
25612a70aec1e3f00d14fd109eea9b1b,4,5
caa1e26ea1a793abfc69b6977852cdca,3,3
99503d7ef251faacc4891ece8f476e61,3,3
31b83396b9b8a5f134088aab8d204f6c,4,4
e7d1efe217c1f7bcaed1f309cd6ea9d8,5,5
6daac2e4beff653966284ad9ed52b7df,3,3
ebb2e905d64ac39791ba56b1488ea98a,3,3
f86253b7eb38f801e3045360ae08987d,4,4
c1a5c92a171cf2a0269ec97793eda652,3,3
30312381035eccd246ea47f7ee9a99e7,7,8
cc28c8870b67bbf839e8c5e80b1465a9,1,1
9ef2f5c07b2bec9f3df87140b0679b41,5,5
7b7643e73854a9f86af9f6e3b73997c4,2,2
080d1c32d01c5a8d616bb981c69537d7,5,5
ae62de6dd4e91b9e38fb21636cf2559e,3,4
765229b9665605adfaa1ce1e902397c4,4,4
4f201319ed540fd0c39af946f8eff627,1,1
d367794cd58fd374ad3a00d853dd931e,5,6
fb1c007c091f3dc3771350f5ab4c698a,5,5
b39f73546b2ef8ab3333f810207eda04,3,3
77b0db74b0aef40704c85d97a71380f1,4,5
c2749dd9ef821825a5a3394317c81a1b,2,2
bfdad80562cfea558db66395e0c3bc9e,6,7
cf69516684974e1d9d4e88f6dc4fb1f8,6,7
9797b70cc433d1fde6850f94f18df651,5,6
a0de95b132cf60fbc6bc58de8483b19a,5,5
515604fe9479c3d44f438d448d85d29e,3,3
8906b5bb4b70359e3ee050ac2a65904f,4,4
e24024d1388bab279b50b8513b7d7334,5,5
ab2c7e3ed282e89565fbbb1a1dbe9887,4,5
c16d0792ab54d9b06fd3411a5aebc6dd,3,3
4217bedb946258a1f8a174e3755f1350,1,1
7b3ef9543d47f60125d18a19c1b95ae0,2,2
717c8a628a97c28d6804244e6abbdde0,3,4
09244c8a7322fb04b177eaccce8384a9,2,2
7003a5031439eb24a70b64f8d3065e13,3,3
4d4bbc664e0980e513cc404e1785fc80,2,2
9ab3c48704060c6d79cbc9cde12e72c5,6,6
0c0539558578a966d1c80bd4335f2e16,1,1
8b3ee37b7a22ea1c07a94cdda09538a4,7,7
a4fecce79c2f37cdaa1c162e007ca6a2,1,1
307c38b1ae36a126af18008c9c39c77c,4,4
7c72b335c69779b5453cebfa06beea6e,2,2
265da3a07ac2185b31bb2c4db946a510,3,3
f3295c7123111d174deb445c447eea0e,6,6
485d2e41e80214be7cee887971068a5c,1,3
b4ff53dc6b0bc8aea0d007f594db18f9,3,3
8d398ac6b34d21e3052a7b141b7e65d2,6,7
6367df300a7e7873d793e1e2a5a2836a,5,5
a1a25a1175af26e465d46716623d7df5,2,3
49ebd6ceb5c46335f5ad67226a237d22,8,9
e0ebaf89f4cca18acab205ef592a65bc,3,5
048d7040a5a4738b76919e7b3663064c,3,3
9f9c0e09bec9c71271610959affc06ce,6,6
e8b534a753c9a9484c45e3f18c3c9d95,1,1
e74a1237716c8f743f80ab3559028e14,3,4
211ee242bcf966819cde414f231118f2,4,5
c7bd87248a37122d39df22b281ba4061,5,6
04c422e5764a8d0e3d346ad6dd2eb95d,4,7
41f7e7122ed7089e2a0a42cab5401328,3,3
9b1c427a9dbc9b13d0784f410b78b220,7,8
4486d5e952139da46d1561cc25cf552b,6,6
6c7c25847f1d09d07c7044a0f20e7d4a,2,3
2d3dd72c973c28ea7ba66a44c3b8647f,1,1
fd3e300040dfd06b5f7b86ac67cd6855,1,1
a1062efbb5e8271ddc0eda87f7eaae2f,2,2
99fc22bef2df8035081d5386c0069d26,6,7
0fccd4aa4ab5d63e960af4780cd18a7c,3,3
1d51ba1a2c264a597e22df64057e59ce,1,1
79fd6358bbcf3068bb9f380251c7c0f5,5,5
d280906128f43a8440f40e121d308ea1,1,1
615dde917c9c1a090361d80eee665a89,2,2
494e6935ab9552b5f4605f554ff5cb88,4,4
1d0aa12391d322b935b22a7dcc2ecd10,3,3
e3b7eea13aa267b1fbd2717f19eb3906,1,1
8be943a37768269d92cbd672de995f1e,3,4
585eb9663a160b42214845b5ea4067b6,6,7
26373e13f660e5521b17bc93b2f8ef7f,4,4
b3badeed8a3f1450c6e6b994b922fc6a,2,2
620cf649c58332785fae7fd6cc794a84,4,4
e90a4debc8aab4e2f4c31e92f38ad900,5,7
89f487edcfed3fae0ecfe7594b307587,2,2
8b51e2b3d91de1623ae572e149956bca,2,2
1ae4b3d715c76e8cdefcb02ee6596796,4,4
97f62d0524d54798348f5d1db255e642,2,3
3527a118d0ffed96a892ea2c28aade3b,2,2
0ff634d0b1ae5954e514f898efd29827,5,5
671cfa0b6e21055f17a93e4c6b4c9d68,3,3
35ab124ab78b2ace7eeb772fe4cf413e,3,5
06aa8e1024e3d6198893132da6f3f16e,2,2
f52ce461b87b9f1e409c5b49ab4b5b54,5,5
01a50d080584b21f0b6657127d1b866c,2,2
5c6624decb3baed13d1d15098baaaff6,4,4
72bb09fa196efe94bae4178b89ccd2c7,2,2
057c6b83502fdb42bf6187878a957dd0,3,3
6fc658173c882aec6941603ad8cc0b3b,2,2
cd2dfebae683ce3c1dd1bc5bccf3a4c0,2,2
3e784c7d80834f3c2c1d1be932267093,2,3
2c73c2fafb8a41eef61b13cff7160b51,1,1
b36ce4a733ecf7001b3400bcd9c6cec6,1,1
de72906f53073145e5000e9c0c3557ff,2,2
55016463f7e7cab00c40b04601d1c519,1,1
2c686945387fdff636188d518ff57684,6,8
c7dc783157a1c3db28c4e1d589f74348,4,6
0ffbfa9f4512f0b2367d1147ba770397,4,4
61c00075f750c69e42794f65b42da9d7,2,3
0cef58aae351100f243619ad38d00d24,1,1
728a43b57b709cb2c7b343609350954d,1,1
e2c4f3471542c5edb1c38d0e139bf340,3,3
913279f38caae78c8e231fa6987d4716,3,3
b8acd8d4adce1343aba0e0916043d6f3,2,2
ab0aac9f8bc47d65c16a5d0b7e089d31,1,1
6f5e3fcb5d6a7749ed6ec76e6ce8624c,2,2
a4b0c14204718e969d19e53a9fc8ef60,1,1
df6720f2be97ee4c3b3905c3d795fee3,1,1
b7f8a096ff10475aecdf254f8c4cf544,2,2
6c0832dc222c32b2ed327a44044a9138,3,4
d65c70412ffe88f2ef7d7f843181c67f,2,2
8a37a12c2fe786e8ed0eba002bb76bb3,1,1
a4dee99a2dea2c3e47db5441ed43f54d,2,2
7153f27f1e4f878432678833eef14304,1,1
6c55df23425421eb841f87ed30d03b00,2,2
96b6f7185a97a05cf2f1e836cc18528b,2,3
4c34da8d72f789c18aae88eb04915a68,2,2
c3bb2b21bab25768a2b498aeccdacdf8,1,2
8bff9bb2694ab3c402c5fff9e2315103,1,1
edb0a655e4f443f47744e9c491d87a04,2,2
0e7e3d372f9a497d5bb9db82e4190220,1,1
70d14812fdbaecfdf650740ce73a5588,1,1
0c3654a67a7f3a2588c3ae41d4122112,1,1
1a4f4fff59ab85775fdfabf410b70a6d,1,1
85d1d2be880b5fe3ddaf731efbb11891,1,1
afe0e271fefc1b41c97ccd742abd3c07,1,1
